Title,Date
"Kolpaçino: Bir Şehir Efsanesi","11/20/24"
"Hunger","11/20/24"
"Alita: Battle Angel","11/20/24"
"Cloudy with a Chance of Meatballs","11/20/24"
"Arcane: Season 2: The Message Hidden Within the Pattern","11/16/24"
"Arcane: Season 2: Blisters and Bedrock","11/16/24"
"Arcane: Season 2: Paint the Town Blue","11/16/24"
"Arcane: Season 2: Finally Got the Name Right","11/16/24"
"Jake Paul vs. Mike Tyson","11/16/24"
"Arcane: Season 2: Watch It All Burn","11/16/24"
"Arcane: Season 2: Heavy Is the Crown","11/15/24"
"Arcane: Season 1: The Monster You Created","11/15/24"
"Arcane: Season 1: Oil and Water","11/15/24"
"Arcane: Season 1: The Boy Savior","11/15/24"
"Arcane: Season 1: When These Walls Come Tumbling Down","11/15/24"
"Arcane: Season 1: Everybody Wants to Be My Enemy","11/15/24"
"Arcane: Season 1: Happy Progress Day!","11/15/24"
"Arcane: Season 1: The Base Violence Necessary for Change","11/15/24"
"Arcane: Season 1: Some Mysteries Are Better Left Unsolved","11/15/24"
"Arcane: Season 1: Welcome to the Playground","11/15/24"
"The Life and Movies of Erşan Kuneri: Season 2: This Stingy Life","11/1/24"
"The Life and Movies of Erşan Kuneri: Season 1: Dry Murad","11/1/24"
"Car Masters: Rust to Riches: Season 5: Upping the Ante","10/20/24"
"The Life and Movies of Erşan Kuneri: Season 2: Sugar Pasha","10/18/24"
"The Life and Movies of Erşan Kuneri: Season 2: Stage Dust","10/18/24"
"Black Adam","10/12/24"
"The Life and Movies of Erşan Kuneri: Season 2: Bitter Father","10/12/24"
"The Life and Movies of Erşan Kuneri: Season 2: Wrapped Up: Yaprak","10/12/24"
"The Life and Movies of Erşan Kuneri: Season 2: Pastry Job","10/12/24"
"The Life and Movies of Erşan Kuneri: Season 2: Time to Slide","10/10/24"
"The Life and Movies of Erşan Kuneri: Season 2: A Bad Path - Prostitution","10/10/24"
"The Life and Movies of Erşan Kuneri: Season 1: Bad Stuff","10/10/24"
"The Platform 2","10/9/24"
"Erdal ile Ece","10/1/24"
"Midnight at the Pera Palace: Season 2: Episode 1","9/22/24"
"Get Out","9/20/24"
"Drink Masters: Enter The Bar","9/20/24"
"Paradise PD: Part 1: Ass on the Line","9/9/24"
"Paradise PD: Part 1: Welcome to Paradise","9/9/24"
"Shaun the Sheep: Adventures from Mossy Bottom: Baa-gherita / Get Your Goat","9/9/24"
"Miracle in Cell No. 7","8/29/24"
"The Umbrella Academy: Season 4: End of the Beginning","8/29/24"
"The Umbrella Academy: Season 4: Six Years, Five Months, and Two Days","8/24/24"
"The Umbrella Academy: Season 4: The Cleanse","8/21/24"
"The Umbrella Academy: Season 4: The Squid and the Girl","8/21/24"
"The Umbrella Academy: Season 4: Jean and Gene","8/21/24"
"The Umbrella Academy: Season 4: The Unbearable Tragedy of Getting What You Want","8/21/24"
"Black Mirror: Season 1: Fifteen Million Merits","8/7/24"
"Black Mirror: Season 2: White Christmas","8/7/24"
"Black Mirror: Season 6: Demon 79","8/7/24"
"Real Steel","8/5/24"
"Kleo: Season 1: Big Eden","8/5/24"
"Colour of Victory","7/31/24"
"The Gentlemen: Where's My Weed At?","7/5/24"
"The Gentlemen: Tackle Tommy Woo Woo","7/5/24"
"The Gentlemen: Refined Aggression","7/5/24"
"Supacell: Supacell","7/2/24"
"Supacell: Rodney","7/2/24"
"Supacell: Andre","7/2/24"
"Supacell: Sabrina","7/1/24"
"Supacell: Tazer","7/1/24"
"Supacell: Michael","7/1/24"
"Rick and Morty: Season 1: Pilot","7/1/24"
"Kübra: Season 2: Episode 8","6/30/24"
"Kübra: Season 2: Episode 7","6/26/24"
"Kübra: Season 2: Episode 6","6/26/24"
"Kübra: Season 2: Episode 5","6/24/24"
"Kübra: Season 2: Episode 4","6/24/24"
"Kübra: Season 2: Episode 3","6/24/24"
"The Guilty","6/17/24"
"Kübra: Season 2: Episode 2","6/16/24"
"Kübra: Season 2: Episode 1","6/16/24"
"The Final Table: Mexico","5/13/24"
"Now You See Me 2","5/13/24"
"Minions: The Rise of Gru","5/10/24"
"Mortal World 2","5/7/24"
"Now You See Me","4/22/24"
"G.O.R.A","4/20/24"
"Testament: The Story of Moses: Part One The Prophet","4/8/24"
"The Gentlemen: The Gospel According to Bobby Glass","3/25/24"
"The Gentlemen: Not Without Danger","3/25/24"
"The Gentlemen: All Eventualities","3/25/24"
"The Gentlemen: I've Hundreds of Cousins","3/25/24"
"The Gentlemen: An Unsympathetic Gentleman","3/25/24"
"Regular Show: Season 1: Caffeinated Concert Tickets","3/3/24"
"Regular Show: Season 1: Just Set Up the Chairs","3/3/24"
"Regular Show: Season 1: The Power","3/3/24"
"Money Monster","3/2/24"
"Adalet","3/2/24"
"Avatar The Last Airbender: Aang","2/28/24"
" ","2/21/24"
"Nowhere","2/19/24"
"Sixty Minutes","2/18/24"
"Minions & More Volume 1","2/14/24"
"Despicable Me 3","2/13/24"
"Despicable Me 2","2/13/24"
"Despicable Me","2/9/24"
"Rick and Morty: Season 7: Fear No Mort","2/9/24"
"Rick and Morty: Season 7: Mort: Ragnarick","2/9/24"
"Rick and Morty: Season 7: Rise of the Numbericons: The Movie","2/9/24"
"Rick and Morty: Season 7: Wet Kuat Amortican Summer","2/9/24"
"Rick and Morty: Season 7: Rickfending Your Mort","2/9/24"
"Rick and Morty: Season 7: Unmortricken","2/9/24"
"Rick and Morty: Season 7: That's Amorte","2/9/24"
"Rick and Morty: Season 7: Air Force Wong","2/9/24"
"Rick and Morty: Season 7: The Jerrick Trap","2/9/24"
"Rick and Morty: Season 7: How Poopy Got His Poop Back","2/9/24"
"Minions","2/1/24"
"Leo","1/31/24"
"Penguins of Madagascar: The Movie","1/31/24"
"Countdown","1/30/24"
"Kübra: Season 1: Episode 8","1/22/24"
"Kübra: Season 1: Episode 7","1/22/24"
"Kübra: Season 1: Episode 6","1/22/24"
"Kübra: Season 1: Episode 5","1/22/24"
"Kübra: Season 1: Episode 4","1/22/24"
"Kübra: Season 1: Episode 3","1/22/24"
"Kübra: Season 1: Episode 2","1/22/24"
"Kübra: Season 1: Episode 1","1/22/24"
"Berlin: Season 1: An Endangered Elephant","1/20/24"
"Berlin: Season 1: The Last Virgin in the Western World","1/19/24"
"Berlin: Season 1: Night of the Lemons","1/19/24"
"Berlin: Season 1: After Love","1/19/24"
"Berlin: Season 1: An Aquarium on Your Back","1/19/24"
"Berlin: Season 1: Full House of Embryos","1/19/24"
"Celal and Ceren","1/12/24"
"Berlin: Season 1: Anchor and Lobo","1/10/24"
"Berlin: Season 1: The Energy of Love","1/10/24"
"Kung Fu Panda: The Dragon Knight: Season 1: A Cause for the Paws","1/7/24"
"Kung Fu Panda 3","1/4/24"
"Mortal World","12/2/23"
"Creature: Limited Series: Voices In My Head","12/2/23"
"Creature: Limited Series: Heal Him","10/28/23"
"Wolf","10/28/23"
"Lupin: Part 3: Chapter 7","10/14/23"
"Lupin: Part 3: Chapter 6","10/14/23"
"Lupin: Part 3: Chapter 5","10/14/23"
"Lupin: Part 3: Chapter 4","10/14/23"
"Lupin: Part 3: Chapter 3","10/13/23"
"Lupin: Part 3: Chapter 2","10/13/23"
"Lupin: Part 3: Chapter 1","10/13/23"
"Nobody","9/29/23"
"Rick and Morty: Season 1: Lawnmower Dog","9/28/23"
"Black Mirror: Bandersnatch","9/27/23"
"Teenage Mutant Ninja Turtles 2","9/27/23"
"Teenage Mutant Ninja Turtles","9/27/23"
"Baby Gorilla Cam: Baby Time","9/27/23"
"Baby Gorilla Cam: Female Intuition","9/27/23"
"Baby Gorilla Cam: Pack Leader","9/27/23"
"Cem Yılmaz: Diamond Elite Platinum Plus","9/8/23"
"Ragnarok: Season 3: Ragnarok","9/8/23"
"Ragnarok: Season 3: A Farewell to Arms","9/8/23"
"Ragnarok: Season 3: My Precious","9/8/23"
"Ragnarok: Season 3: Losing My Religion","9/8/23"
"Ragnarok: Season 3: Till Death Do Us Part","9/8/23"
"Ragnarok: Season 3: War Is Over","9/7/23"
"Predators: Cheetah","9/7/23"
"Dances With the Jackals 6","9/7/23"
"Lupin: Part 2: Chapter 10","8/30/23"
"The Life and Movies of Erşan Kuneri: Season 1: Cooperative Kemal","8/22/23"
"The Life and Movies of Erşan Kuneri: Season 1: The Midwife's Hunt","8/22/23"
"The Life and Movies of Erşan Kuneri: Season 1: Er-Man","8/22/23"
"The Life and Movies of Erşan Kuneri: Season 1: Faqbadi","8/22/23"
"DEPP V HEARD: Limited Series: The Viral Verdict","8/22/23"
"DEPP V HEARD: Limited Series: Breaking the Internet","8/22/23"
"DEPP V HEARD: Limited Series: Truth on Trial","8/22/23"
"Kardeş Payı: Season 2: 34. Bölüm","8/20/23"
"Kardeş Payı: Season 2: 33. Bölüm","8/20/23"
"Kardeş Payı: Season 2: 32. Bölüm","8/20/23"
"Kardeş Payı: Season 2: 31. Bölüm","8/19/23"
"Kardeş Payı: Season 2: 30. Bölüm","8/18/23"
"Kardeş Payı: Season 2: 29. Bölüm","8/18/23"
"Kardeş Payı: Season 2: 28. Bölüm","8/18/23"
"Kardeş Payı: Season 2: 27. Bölüm","8/17/23"
"What Men Want","8/15/23"
"Battlebots: Season 3: Episode 3","8/15/23"
"Focus","8/15/23"
"Battlebots: Season 3: Episode 2","8/9/23"
"Battlebots: Season 3: Episode 1","8/9/23"
"Lupin: Part 2: Chapter 9","7/25/23"
"Lupin: Part 2: Chapter 8","7/25/23"
"Lupin: Part 2: Chapter 7","7/23/23"
"Lupin: Part 2: Chapter 6","7/23/23"
"Lupin: Part 1: Chapter 5","7/23/23"
"Lupin: Part 1: Chapter 4","7/23/23"
"Lupin: Part 1: Chapter 3","7/23/23"
"Lupin: Part 1: Chapter 2","7/22/23"
"Lupin: Part 1: Chapter 1","7/22/23"
"İllegal Hayatlar","7/18/23"
"Wanted","7/13/23"
"Black Mirror: Season 6: Mazey Day","7/9/23"
"Black Mirror: Season 6: Beyond the Sea","7/9/23"
"Black Mirror: Season 6: Loch Henry","7/9/23"
"You: Season 4: The Death of Jonathan Moore","7/6/23"
"You: Season 4: She's Not There","7/5/23"
"You: Season 4: Where Are You Going, Where Have You Been?","7/5/23"
"You: Season 4: Good Man, Cruel World","7/5/23"
"You: Season 4: Best of Friends","7/5/23"
"You: Season 4: The Fox and the Hound","7/4/23"
"You: Season 4: Hampsie","7/4/23"
"You: Season 4: Eat the Rich","7/2/23"
"You: Season 4: Portrait of the Artist","7/2/23"
"You: Season 4: Joe Takes a Holiday","7/2/23"
"You: Season 3: What Is Love?","7/2/23"
"You: Season 3: Red Flag","6/27/23"
"You: Season 3: Swing and a Miss","6/25/23"
"You: Season 3: We're All Mad Here","6/25/23"
"You: Season 3: W.O.M.B.","6/24/23"
"You: Season 3: Into the Woods","6/24/23"
"You: Season 3: Hands Across Madre Linda","6/24/23"
"You: Season 3: Missing White Woman Syndrome","6/24/23"
"You: Season 3: So I Married an Axe Murderer","6/21/23"
"You: Season 3: And They Lived Happily Ever After","6/21/23"
"You: Season 2: Love, Actually","6/21/23"
"You: Season 2: P.I. Joe","6/20/23"
"You: Season 2: Fear and Loathing in Beverly Hills","6/20/23"
"You: Season 2: Ex-istential Crisis","6/20/23"
"Black Mirror: Season 6: Joan Is Awful","6/18/23"
"Lucifer: Season 6: Partners 'Til the End","6/12/23"
"Lucifer: Season 6: Goodbye, Lucifer","6/12/23"
"Lucifer: Season 6: Save the Devil, Save the World","6/12/23"
"Lucifer: Season 6: My Best Fiend's Wedding","6/12/23"
"Lucifer: Season 6: A Lot Dirtier Than That","6/12/23"
"Lucifer: Season 6: The Murder of Lucifer Morningstar","6/12/23"
"Lucifer: Season 6: Pin the Tail on the Daddy","6/12/23"
"Lucifer: Season 6: Yabba Dabba Do Me","6/12/23"
"Lucifer: Season 6: Buckets of Baggage","6/12/23"
"Lucifer: Season 6: Nothing Ever Changes Around Here","6/12/23"
"Lucifer: Season 5: A Chance at a Happy Ending","6/12/23"
"Lucifer: Season 5: Is This Really How It's Going to End?!","6/11/23"
"Lucifer: Season 5: Nothing Lasts Forever","6/11/23"
"Lucifer: Season 5: A Little Harmless Stalking","6/11/23"
"Lucifer: Season 5: Daniel Espinoza: Naked and Afraid","6/11/23"
"Lucifer: Season 5: Resting Devil Face","6/11/23"
"Lucifer: Season 5: Bloody Celestial Karaoke Jam","6/11/23"
"Lucifer: Season 5: Family Dinner","6/11/23"
"Lucifer: Season 5: Spoiler Alert","6/11/23"
"Lucifer: Season 5: Our Mojo","6/11/23"
"Lucifer: Season 5: BlueBallz","6/11/23"
"Lucifer: Season 5: Detective Amenadiel","6/11/23"
"Lucifer: Season 5: It Never Ends Well for the Chicken","6/10/23"
"Lucifer: Season 5: ¡Diablo!","6/10/23"
"Lucifer: Season 5: Lucifer! Lucifer! Lucifer!","6/10/23"
"Lucifer: Season 5: Really Sad Devil Guy","6/10/23"
"Lucifer: Season 4: Who's da New King of Hell?","6/10/23"
"Lucifer: Season 4: Save Lucifer","6/10/23"
"Lucifer: Season 4: Super Bad Boyfriend","6/10/23"
"Lucifer: Season 4: Devil Is as Devil Does","6/10/23"
"Lucifer: Season 4: Orgy Pants to Work","6/10/23"
"Lucifer: Season 4: Expire Erect","6/10/23"
"Lucifer: Season 4: All About Eve","6/10/23"
"Lucifer: Season 4: O, Ye of Little Faith, Father","6/10/23"
"Lucifer: Season 4: Somebody’s Been Reading Dante’s Inferno","6/10/23"
"Lucifer: Season 4: Everything's Okay","6/10/23"
"Lucifer: Season 3: Once Upon a Time","6/10/23"
"Lucifer: Season 3: Boo Normal","6/9/23"
"Lucifer: Season 3: A Devil of My Word","6/9/23"
"Lucifer: Season 3: Quintessential Deckerstar","6/9/23"
"Lucifer: Season 3: All Hands on Decker","6/9/23"
"Lucifer: Season 3: Anything Pierce Can Do I Can Do Better","6/9/23"
"Lucifer: Season 3: The Angel of San Bernardino","6/9/23"
"Lucifer: Season 3: Orange Is the New Maze","6/9/23"
"Lucifer: Season 3: The Last Heartbreak","6/9/23"
"Lucifer: Season 3: Let Pinhead Sing!","6/9/23"
"Lucifer: Season 3: Infernal Guinea Pig","6/9/23"
"Lucifer: Season 3: High School Poppycock","6/9/23"
"Lucifer: Season 3: My Brother's Keeper","6/9/23"
"Lucifer: Season 3: 'Til Death Do Us Part","6/9/23"
"Lucifer: Season 3: All About Her","6/9/23"
"Lucifer: Season 3: City of Angels?","6/8/23"
"Lucifer: Season 3: The Sin Bin","6/8/23"
"Lucifer: Season 3: The Sinnerman","6/8/23"
"Lucifer: Season 3: Chloe Does Lucifer","6/8/23"
"Lucifer: Season 3: Off the Record","6/8/23"
"Lucifer: Season 3: Vegas with Some Radish","6/8/23"
"Lucifer: Season 3: Welcome Back, Charlotte Richards","6/8/23"
"Lucifer: Season 3: What Would Lucifer Do?","6/8/23"
"Lucifer: Season 3: Mr. and Mrs. Mazikeen Smith","6/8/23"
"Lucifer: Season 3: The One with the Baby Carrot","6/8/23"
"Lucifer: Season 3: They're Back, Aren't They?","6/8/23"
"Lucifer: Season 2: The Good, The Bad and The Crispy","6/8/23"
"Lucifer: Season 2: Sympathy for the Goddess","6/7/23"
"Lucifer: Season 2: God Johnson","6/7/23"
"Lucifer: Season 2: Deceptive Little Parasite","6/7/23"
"Lucifer: Season 2: Candy Morningstar","6/7/23"
"Lucifer: Season 2: A Good Day to Die","6/7/23"
"Lucifer: Season 2: Love Handles","6/7/23"
"Lucifer: Season 2: Stewardess Interruptus","6/7/23"
"Lucifer: Season 2: Quid Pro Ho","6/7/23"
"Lucifer: Season 2: Homewrecker","6/7/23"
"Lucifer: Season 2: Trip to Stabby Town","6/7/23"
"Lucifer: Season 2: My Little Monkey","6/7/23"
"Lucifer: Season 2: Monster","6/6/23"
"Lucifer: Season 2: The Weaponizer","6/5/23"
"Lucifer: Season 2: Lady Parts","6/5/23"
"Lucifer: Season 2: Sin-Eater","6/5/23"
"Lucifer: Season 2: Liar, Liar, Slutty Dress on Fire","6/5/23"
"Lucifer: Season 2: Everything's Coming Up Lucifer","6/5/23"
"Lucifer: Season 1: Take Me Back to Hell","6/5/23"
"Lucifer: Season 1: #TeamLucifer","6/4/23"
"Lucifer: Season 1: St. Lucifer","6/4/23"
"Shooter","6/4/23"
"A.R.O.G.","6/4/23"
"Lucifer: Season 1: Pops","6/4/23"
"Lucifer: Season 1: A Priest Walks into a Bar","6/4/23"
"Lucifer: Season 1: Et Tu, Doctor?","6/4/23"
"Lucifer: Season 1: Wingman","6/4/23"
"Lucifer: Season 1: Favorite Son","6/4/23"
"Lucifer: Season 1: Sweet Kicks","6/4/23"
"Lucifer: Season 1: Manly Whatnots","6/3/23"
"Lucifer: Season 1: The Would-Be Prince of Darkness","6/3/23"
"Lucifer: Season 1: Lucifer, Stay. Good Devil.","6/3/23"
"Lucifer: Season 1: Pilot","6/3/23"
"Dağ II","6/2/23"
"Baris Akarsu Merhaba","6/2/23"
"Red Notice","5/29/23"
"McGREGOR FOREVER: Limited Series: Bad Blood","5/27/23"
"The Life and Movies of Erşan Kuneri: Season 1: Blue Box","5/27/23"
"Godzilla vs. Kong","5/27/23"
"Rick and Morty: Season 6: Ricktional Mortpoons Rickmas Mortcation","5/18/23"
"Rick and Morty: Season 6: A Rick in King Mortur's Mort","5/18/23"
"Rick and Morty: Season 6: Analyze Piss","5/18/23"
"Rick and Morty: Season 6: Full Meta JackRick","5/18/23"
"Rick and Morty: Season 6: Final DeSmithation","5/18/23"
"Rick and Morty: Season 6: Night Family","5/18/23"
"Rick and Morty: Season 6: Bethic Twinstinct","5/18/23"
"Rick and Morty: Season 6: Rick: A Mort Well Lived","5/18/23"
"Rick and Morty: Season 6: Solaricks","5/18/23"
"You: Season 2: Farewell, My Bunny","2/4/23"
"You: Season 2: Have a Good Wellkend, Joe!","2/4/23"
"You: Season 2: The Good, the Bad, & the Hendy","2/4/23"
"You: Season 2: What Are Friends For?","2/3/23"
"You: Season 2: Just the Tip","2/3/23"
"You: Season 2: A Fresh Start","2/3/23"
"You: Season 1: Bluebeard's Castle","2/3/23"
"You: Season 1: Candace","2/3/23"
"You: Season 1: You Got Me, Babe","2/3/23"
"You: Season 1: Everythingship","2/2/23"
"You: Season 1: Amour Fou","2/2/23"
"You: Season 1: Living with the Enemy","2/2/23"
"You: Season 1: The Captain","2/2/23"
"You: Season 1: Maybe","2/2/23"
"You: Season 1: The Last Nice Guy in New York","2/2/23"
"You: Season 1: Pilot","2/2/23"
"Farzar: War and Peace","1/20/23"
"Farzar: Memory Wars","1/20/23"
"Farzar: The Great and Powerful Ozner","1/20/23"
"Farzar: Baz, Bangs, and Brains","1/20/23"
"Farzar: Flammily Reunion","1/20/23"
"Farzar: The Adventures of Daddy O'Baggins","1/19/23"
"Farzar: St. Pudchuggers Day","1/18/23"
"Farzar: Save the Reaper Demons","1/18/23"
"Farzar: Robot Revolution","1/17/23"
"Farzar: Welcome to Farzar","1/17/23"
"Paradise PD: Part 4: The Eternal Reckoning","1/11/23"
"Paradise PD: Part 4: Sack to the Future","1/11/23"
"Paradise PD: Part 4: King of the Norf","1/11/23"
"Paradise PD: Part 4: Boat!","1/11/23"
"Paradise PD: Part 4: The Butt Cut","1/11/23"
"Paradise PD: Part 4: The Shartist","1/10/23"
"Paradise PD: Part 4: Good Jeans","1/10/23"
"Paradise PD: Part 4: A Star Is Porn","1/10/23"
"Paradise PD: Part 4: Diddy's Home","1/10/23"
"Paradise PD: Part 4: The Brozone Lair","1/10/23"
"Paradise PD: Part 3: PARAD-ISIS","1/9/23"
"Paradise PD: Part 1: Karla","1/9/23"
"Terim: EP3","10/10/22"
"Terim: EP2","10/10/22"
"Terim: EP1","10/6/22"
"Turkish Tiger","10/4/22"
"Friends: Season 7: The One with Joey's Award","10/4/22"
"Friends: Season 7: The One with the Cheap Wedding Dress","10/4/22"
"Friends: Season 7: The One with the Truth About London","10/4/22"
"Jumanji: The Next Level","10/1/22"
"Friends: Season 7: The One with Joey's New Brain","9/22/22"
"Friends: Season 7: The One Where They All Turn Thirty","9/22/22"
"Friends: Season 7: The One Where Rosita Dies","9/22/22"
"Friends: Season 7: The One Where They're Up All Night","9/22/22"
"Friends: Season 7: The One with All the Cheesecakes","9/22/22"
"Friends: Season 7: The One with the Holiday Armadillo","9/21/22"
"Friends: Season 7: The One with All the Candy","9/21/22"
"Friends: Season 7: The One Where Chandler Doesn't Like Dogs","9/21/22"
"Friends: Season 7: The One with Ross' Library Book","9/19/22"
"Friends: Season 7: The One with the Nap Partners","9/16/22"
"Friends: Season 7: The One with the Engagement Picture","9/16/22"
"Friends: Season 7: The One with Rachel's Assistant","9/16/22"
"Baba Parasi","9/14/22"
"Madagascar 3: Europe's Most Wanted","9/13/22"
"Neymar: The Perfect Chaos: Limited Series: The Great Brazilian Promise","9/13/22"
"What a Crush!","9/12/22"
"Dügün Dernek 2: Sünnet","9/11/22"
"Düğün Dernek","9/10/22"
"Ronnie Coleman: The King","9/10/22"
"The SpongeBob SquarePants Movie","9/10/22"
"Fight Club","9/10/22"
"Madagascar: Escape 2 Africa","9/8/22"
"Central Intelligence","8/29/22"
"Shrek 2","8/28/22"
"Me Time","8/27/22"
"Shrek","8/27/22"
"Arif V 216","8/27/22"
"Çalgı Çengi İkimiz","8/27/22"
" ","8/25/22"
"Baby Driver","8/25/22"
"Yahsi Bati","8/24/22"
"Fırıldak Ailesi","8/24/22"
"Rick and Morty: Season 5: Rickmurai Jack","8/23/22"
"Rick and Morty: Season 5: Forgetting Sarick Mortshall","8/23/22"
"Brooklyn Nine-Nine: Season 8: The Last Day, Pt. 2","8/23/22"
"Brooklyn Nine-Nine: Season 8: The Last Day, Pt. 1","8/23/22"
"Brooklyn Nine-Nine: Season 8: Renewal","8/23/22"
"Brooklyn Nine-Nine: Season 8: Game of Boyles","8/23/22"
"Brooklyn Nine-Nine: Season 8: The Set Up","8/23/22"
"Brooklyn Nine-Nine: Season 8: PB & J","8/23/22"
"Brooklyn Nine-Nine: Season 8: Balancing","8/23/22"
"Brooklyn Nine-Nine: Season 8: Blue Flu","8/23/22"
"Brooklyn Nine-Nine: Season 8: The Lake House","8/23/22"
"Brooklyn Nine-Nine: Season 8: The Good Ones","8/23/22"
"Rick and Morty: Season 5: Rickternal Friendshine of the Spotless Mort","8/21/22"
"Rick and Morty: Season 5: GoTron Jerrysis Rickvangelian","8/21/22"
"Rick and Morty: Season 5: Rick & Morty's Thanksploitation Spectacular","8/21/22"
"John Wick","8/21/22"
"Rick and Morty: Season 5: Amortycan Grickfitti","8/20/22"
"Rick and Morty: Season 5: Rickdependence Spray","8/20/22"
"Rick and Morty: Season 5: A Rickconvenient Mort","8/20/22"
"Rick and Morty: Season 5: Mortyplicity","8/20/22"
"Rick and Morty: Season 5: Mort Dinner Rick Andre","8/20/22"
"Paradise PD: Part 1: Black & Blue","8/20/22"
"Rick and Morty: Season 4: Star Mort Rick Turn of the Jerri","8/16/22"
"Rick and Morty: Season 4: Childrick of Mort","8/15/22"
"Rick and Morty: Season 4: The Vat of Acid Episode","8/14/22"
"Rick and Morty: Season 4: Promortyus","8/14/22"
"Rick and Morty: Season 4: Never Ricking Morty","8/13/22"
"Paradise PD: Part 3: What Happens in Twatemala","8/13/22"
"Paradise PD: Part 3: Fetal Attraction","8/13/22"
"Paradise PD: Part 3: The World According to LARP","8/13/22"
"Rick and Morty: Season 4: Rattlestar Ricklactica","8/12/22"
"Rick and Morty: Season 4: Claw and Hoarder: Special Ricktim’s Morty","8/12/22"
"Paradise PD: Part 3: Blimp City","8/12/22"
"Paradise PD: Part 3: Blind Drunk","8/12/22"
"Paradise PD: Part 3: How The Cookie Crumbles","8/12/22"
"Paradise PD: Part 3: Showdown at the O-bese Corral","8/11/22"
"Paradise PD: Part 3: Trigger Warning","8/11/22"
"Paradise PD: Part 3: Ice Ice Babies","8/10/22"
"Paradise PD: Part 3: Top Cops","8/10/22"
"Brooklyn Nine-Nine: Season 7: Lights Out","8/10/22"
"Brooklyn Nine-Nine: Season 7: Ransom","8/10/22"
"Brooklyn Nine-Nine: Season 7: Valloweaster","8/10/22"
"Brooklyn Nine-Nine: Season 7: Admiral Peralta","8/10/22"
"Brooklyn Nine-Nine: Season 7: Dillman","8/10/22"
"Brooklyn Nine-Nine: Season 7: The Takeback","8/10/22"
"Brooklyn Nine-Nine: Season 7: Ding Dong","8/10/22"
"Brooklyn Nine-Nine: Season 7: Trying","8/10/22"
"Brooklyn Nine-Nine: Season 7: Debbie","8/10/22"
"Brooklyn Nine-Nine: Season 7: The Jimmy Jab Games II","8/10/22"
"Brooklyn Nine-Nine: Season 7: Pimemento","8/9/22"
"Brooklyn Nine-Nine: Season 7: Captain Kim","8/9/22"
"Brooklyn Nine-Nine: Season 7: Manhunter","8/9/22"
"Brooklyn Nine-Nine: Season 6: The Suicide Squad","8/9/22"
"Brooklyn Nine-Nine: Season 6: Sicko","8/9/22"
"Brooklyn Nine-Nine: Season 6: Cinco de Mayo","8/9/22"
"Brooklyn Nine-Nine: Season 6: Return of the King","8/9/22"
"Brooklyn Nine-Nine: Season 6: Ticking Clocks","8/9/22"
"Brooklyn Nine-Nine: Season 6: The Bimbo","8/9/22"
"Brooklyn Nine-Nine: Season 6: Casecation","8/9/22"
"Brooklyn Nine-Nine: Season 6: The Therapist","8/9/22"
"Brooklyn Nine-Nine: Season 6: Gintars","8/9/22"
"Brooklyn Nine-Nine: Season 6: The Golden Child","8/9/22"
"Brooklyn Nine-Nine: Season 6: He Said, She Said","8/9/22"
"Brooklyn Nine-Nine: Season 6: The Honeypot","8/9/22"
"Brooklyn Nine-Nine: Season 6: The Crime Scene","8/9/22"
"Brooklyn Nine-Nine: Season 6: A Tale of Two Bandits","8/9/22"
"Brooklyn Nine-Nine: Season 6: Four Movements","8/9/22"
"Brooklyn Nine-Nine: Season 6: The Tattler","8/9/22"
"Brooklyn Nine-Nine: Season 6: Hitchcock & Scully","8/9/22"
"Brooklyn Nine-Nine: Season 6: Honeymoon","8/9/22"
"Brooklyn Nine-Nine: Season 5: Jake & Amy","8/8/22"
"Brooklyn Nine-Nine: Season 5: White Whale","8/8/22"
"Brooklyn Nine-Nine: Season 5: Show Me Going","8/8/22"
"Brooklyn Nine-Nine: Season 5: Bachelor/ette Party","8/8/22"
"Brooklyn Nine-Nine: Season 5: Gray Star Mutual","8/8/22"
"Brooklyn Nine-Nine: Season 5: DFW","8/8/22"
"Brooklyn Nine-Nine: Season 5: NutriBoom","8/8/22"
"Brooklyn Nine-Nine: Season 5: The Puzzle Master","8/8/22"
"Brooklyn Nine-Nine: Season 5: The Box","8/8/22"
"Brooklyn Nine-Nine: Season 5: The Negotiation","8/8/22"
"Brooklyn Nine-Nine: Season 5: Safe House","8/8/22"
"Brooklyn Nine-Nine: Season 5: The Favor","8/8/22"
"Brooklyn Nine-Nine: Season 5: Game Night","8/8/22"
"Brooklyn Nine-Nine: Season 5: 99","8/8/22"
"Brooklyn Nine-Nine: Season 5: Return to Skyfire","8/8/22"
"Brooklyn Nine-Nine: Season 5: Two Turkeys","8/8/22"
"Brooklyn Nine-Nine: Season 5: The Venue","8/8/22"
"Brooklyn Nine-Nine: Season 5: Bad Beat","8/8/22"
"Brooklyn Nine-Nine: Season 5: HalloVeen","8/8/22"
"Brooklyn Nine-Nine: Season 5: Kicks","8/8/22"
"Brooklyn Nine-Nine: Season 5: The Big House, Pt. 2","8/8/22"
"Brooklyn Nine-Nine: Season 5: The Big House, Pt. 1","8/8/22"
"Brooklyn Nine-Nine: Season 4: Crime & Punishment","8/7/22"
"Brooklyn Nine-Nine: Season 4: The Bank Job","8/7/22"
"Brooklyn Nine-Nine: Season 4: The Slaughterhouse","8/7/22"
"Brooklyn Nine-Nine: Season 4: Your Honor","8/7/22"
"Brooklyn Nine-Nine: Season 4: Chasing Amy","8/7/22"
"Brooklyn Nine-Nine: Season 4: Cop-Con","8/7/22"
"Brooklyn Nine-Nine: Season 4: Moo Moo","8/7/22"
"Brooklyn Nine-Nine: Season 4: The Last Ride","8/7/22"
"Brooklyn Nine-Nine: Season 4: Serve & Protect","8/7/22"
"Brooklyn Nine-Nine: Season 4: The Audit","8/7/22"
"Brooklyn Nine-Nine: Season 4: The Fugitive: Part 2","8/7/22"
"Brooklyn Nine-Nine: Season 4: The Fugitive: Part 1","8/7/22"
"Brooklyn Nine-Nine: Season 4: Captain Latvia","8/7/22"
"Brooklyn Nine-Nine: Season 4: The Overmining","8/7/22"
"Brooklyn Nine-Nine: Season 4: Skyfire Cycle","8/7/22"
"Brooklyn Nine-Nine: Season 4: Mr. Santiago","8/7/22"
"Brooklyn Nine-Nine: Season 4: Monster in the Closet","8/7/22"
"Brooklyn Nine-Nine: Season 4: Halloween IV","8/7/22"
"Brooklyn Nine-Nine: Season 4: The Night Shift","8/7/22"
"Brooklyn Nine-Nine: Season 4: Coral Palms: Part 3","8/6/22"
"Brooklyn Nine-Nine: Season 4: Coral Palms: Part 2","8/6/22"
"Brooklyn Nine-Nine: Season 4: Coral Palms: Part 1","8/6/22"
"Brooklyn Nine-Nine: Season 3: Greg and Larry","8/6/22"
"Brooklyn Nine-Nine: Season 3: The Bureau","8/6/22"
"Brooklyn Nine-Nine: Season 3: Maximum Security","8/6/22"
"Brooklyn Nine-Nine: Season 3: Paranoia","8/6/22"
"Brooklyn Nine-Nine: Season 3: Terry Kitties","8/6/22"
"Brooklyn Nine-Nine: Season 3: Cheddar","8/6/22"
"Brooklyn Nine-Nine: Season 3: Adrian Pimento","8/6/22"
"Brooklyn Nine-Nine: Season 3: House Mouses","8/6/22"
"Brooklyn Nine-Nine: Season 3: The 9-8","8/6/22"
"Brooklyn Nine-Nine: Season 3: Karen Peralta","8/6/22"
"Brooklyn Nine-Nine: Season 3: The Cruise","8/6/22"
"Brooklyn Nine-Nine: Season 3: 9 Days","8/6/22"
"Brooklyn Nine-Nine: Season 3: Hostage Situation","8/6/22"
"Brooklyn Nine-Nine: Season 3: Yippie Kayak","8/6/22"
"Brooklyn Nine-Nine: Season 3: The Swedes","8/6/22"
"Brooklyn Nine-Nine: Season 3: Ava","8/6/22"
"Brooklyn Nine-Nine: Season 3: The Mattress","8/6/22"
"Brooklyn Nine-Nine: Season 3: Into the Woods","8/6/22"
"Brooklyn Nine-Nine: Season 3: Halloween Part III","8/6/22"
"Brooklyn Nine-Nine: Season 3: The Oolong Slayer","8/6/22"
"Brooklyn Nine-Nine: Season 3: Boyle's Hunch","8/6/22"
"Brooklyn Nine-Nine: Season 3: The Funeral","8/5/22"
"Brooklyn Nine-Nine: Season 3: New Captain","8/5/22"
"Brooklyn Nine-Nine: Season 2: Johnny and Dora","8/5/22"
"Brooklyn Nine-Nine: Season 2: The Chopper","8/5/22"
"Brooklyn Nine-Nine: Season 2: Det. Dave Majors","8/5/22"
"Brooklyn Nine-Nine: Season 2: AC/DC","8/5/22"
"Brooklyn Nine-Nine: Season 2: Sabotage","8/5/22"
"Brooklyn Nine-Nine: Season 2: Captain Peralta","8/5/22"
"Brooklyn Nine-Nine: Season 2: Boyle-Linetti Wedding","8/5/22"
"Brooklyn Nine-Nine: Season 2: The Wednesday Incident","8/5/22"
"Brooklyn Nine-Nine: Season 2: Windbreaker City","8/5/22"
"Brooklyn Nine-Nine: Season 2: The Defense Rests","8/5/22"
"Brooklyn Nine-Nine: Season 2: Payback","8/5/22"
"Brooklyn Nine-Nine: Season 2: Beach House","8/5/22"
"Brooklyn Nine-Nine: Season 2: Stakeout","8/5/22"
"Brooklyn Nine-Nine: Season 2: The Pontiac Bandit Returns","8/5/22"
"Brooklyn Nine-Nine: Season 2: The Road Trip","8/5/22"
"Brooklyn Nine-Nine: Season 2: USPIS","8/5/22"
"Brooklyn Nine-Nine: Season 2: Lockdown","8/5/22"
"Brooklyn Nine-Nine: Season 2: Jake and Sophia","8/5/22"
"Brooklyn Nine-Nine: Season 2: The Mole","8/5/22"
"Brooklyn Nine-Nine: Season 2: Halloween II","8/5/22"
"Brooklyn Nine-Nine: Season 2: The Jimmy Jab Games","8/5/22"
"Brooklyn Nine-Nine: Season 2: Chocolate Milk","8/5/22"
"Brooklyn Nine-Nine: Season 2: Undercover","8/5/22"
"Brooklyn Nine-Nine: Season 1: Charges and Specs","8/4/22"
"Brooklyn Nine-Nine: Season 1: Unsolvable","8/4/22"
"Brooklyn Nine-Nine: Season 1: Fancy Brudgom","8/4/22"
"Brooklyn Nine-Nine: Season 1: Tactical Village","8/4/22"
"Brooklyn Nine-Nine: Season 1: The Apartment","8/4/22"
"Brooklyn Nine-Nine: Season 1: Full Boyle","8/4/22"
"Brooklyn Nine-Nine: Season 1: The Party","8/4/22"
"Brooklyn Nine-Nine: Season 1: Operation: Broken Feather","8/4/22"
"Brooklyn Nine-Nine: Season 1: The Ebony Falcon","8/4/22"
"Brooklyn Nine-Nine: Season 1: The Bet","8/4/22"
"Brooklyn Nine-Nine: Season 1: Pontiac Bandit","8/4/22"
"Brooklyn Nine-Nine: Season 1: Christmas","8/4/22"
"Brooklyn Nine-Nine: Season 1: Thanksgiving","8/4/22"
"Brooklyn Nine-Nine: Season 1: Sal's Pizza","8/4/22"
"Brooklyn Nine-Nine: Season 1: Old School","8/4/22"
"Brooklyn Nine-Nine: Season 1: 48 Hours","8/4/22"
"Brooklyn Nine-Nine: Season 1: Halloween","8/4/22"
"Brooklyn Nine-Nine: Season 1: The Vulture","8/4/22"
"Brooklyn Nine-Nine: Season 1: M.E. Time","8/4/22"
"Brooklyn Nine-Nine: Season 1: The Slump","8/3/22"
"Brooklyn Nine-Nine: Season 1: The Tagger","8/3/22"
"Paradise PD: Part 3: Fallout","8/3/22"
"Paradise PD: Part 2: Operation DD","8/3/22"
"Paradise PD: Part 2: Paradise PD Meets Brickleberry","8/3/22"
"Paradise PD: Part 2: Flip the Vote","8/3/22"
"Paradise PD: Part 2: The Father, the Son and the Post-it Note","8/3/22"
"Paradise PD: Part 2: Who Ate Wally's Waffles","8/3/22"
"Paradise PD: Part 2: Tucker Carlson Is a Huge D**k","8/3/22"
"Paradise PD: Part 2: Big Ball Energy","8/3/22"
"Paradise PD: Part 2: Paradise Found","8/3/22"
"Paradise PD: Part 1: Christmas in Paradise","8/2/22"
"Paradise PD: Part 1: Parent Trap","8/2/22"
"Paradise PD: Part 1: Task Force","8/2/22"
"Paradise PD: Part 1: Police Academy","8/2/22"
"Paradise PD: Part 1: Meet the Jabowskis","8/2/22"
"Paradise PD: Part 1: Dungeons & Dragnet","8/2/22"
"Car Masters: Rust to Riches: Season 4: Special Delivery","8/2/22"
"Car Masters: Rust to Riches: Season 4: Go Big Rig or Go Home","8/2/22"
"Car Masters: Rust to Riches: Season 4: Riding High End","8/2/22"
"Car Masters: Rust to Riches: Season 4: Brotherly Love","8/2/22"
"Car Masters: Rust to Riches: Season 4: Life of the Party Bus","8/1/22"
"Car Masters: Rust to Riches: Season 4: Ready for Lift Off","8/1/22"
"Car Masters: Rust to Riches: Season 4: All in the Family Wagon","8/1/22"
"Car Masters: Rust to Riches: Season 4: Dumpster Divin'","7/31/22"
"Car Masters: Rust to Riches: Season 3: Going, Going... Gone?","7/31/22"
"Car Masters: Rust to Riches: Season 3: Proof of Concept","7/31/22"
"Car Masters: Rust to Riches: Season 3: Lowrider Long Shot","7/31/22"
"Car Masters: Rust to Riches: Season 3: Hot Tub Time Machine","7/31/22"
"Car Masters: Rust to Riches: Season 3: Wheels on the Bus","7/31/22"
"Car Masters: Rust to Riches: Season 3: Ride from the Ashes","7/31/22"
"Car Masters: Rust to Riches: Season 3: The Italian Job","7/31/22"
"Car Masters: Rust to Riches: Season 3: Taking the High-End Road","7/31/22"
"Bumblebee","7/30/22"
"Transformers: The Last Knight","7/30/22"
"Transformers: Age of Extinction","7/30/22"
"Transformers: Dark of the Moon","7/30/22"
"Transformers: Revenge of the Fallen","7/29/22"
"Transformers","7/29/22"
"Kong: Skull Island","7/28/22"
"Rick and Morty: Season 4: One Crew over the Crewcoo’s Morty","7/28/22"
"Rick and Morty: Season 4: The Old Man and the Seat","7/28/22"
"Rick and Morty: Season 4: Edge of Tomorty: Rick Die Rickpeat","7/28/22"
"Rick and Morty: Season 3: The Rickchurian Mortydate","7/28/22"
"Recep Ivedik 3","7/26/22"
"Recep İvedik 2","7/26/22"
"Rick and Morty: Season 3: The ABC's of Beth","7/23/22"
"Rick and Morty: Season 3: Morty's Mind Blowers","7/23/22"
"Rick and Morty: Season 3: The Ricklantis Mixup","7/23/22"
"Rick and Morty: Season 3: Rest and Ricklaxation","7/19/22"
"Rick and Morty: Season 3: The Whirly Dirly Conspiracy","7/19/22"
"Rick and Morty: Season 3: Vindicators 3:  The Return of Worldender","7/19/22"
"Rick and Morty: Season 3: Pickle Rick","7/19/22"
"Rick and Morty: Season 3: Rickmancing the Stone","7/16/22"
"Rick and Morty: Season 3: The Rickshank Rickdemption","7/16/22"
"Rick and Morty: Season 2: The Wedding Squanchers","7/16/22"
"Rick and Morty: Season 2: Look Who's Purging Now","7/13/22"
"Rick and Morty: Season 2: Interdimensional Cable 2: Tempting Fate","7/12/22"
"Rick and Morty: Season 2: Big Trouble in Little Sanchez","7/12/22"
"Rick and Morty: Season 2: The Ricks Must Be Crazy","7/12/22"
"Rick and Morty: Season 2: Get Schwifty","7/12/22"
"Rick and Morty: Season 2: Total Rickall","7/12/22"
"Rick and Morty: Season 2: Auto Erotic Assimilation","7/12/22"
"Rick and Morty: Season 2: Mortynight Run","7/12/22"
"Rick and Morty: Season 2: A Rickle in Time","7/12/22"
"Rick and Morty: Season 1: Ricksy Business","7/12/22"
"Rick and Morty: Season 1: Close Rick-counters of the Rick Kind","7/12/22"
"Rick and Morty: Season 1: Something Ricked This Way Comes","7/12/22"
"Rick and Morty: Season 1: Rixty Minutes","7/12/22"
"Rick and Morty: Season 1: Raising Gazorpazorp","7/12/22"
"Rick and Morty: Season 1: Rick Potion #9","7/12/22"
"Rick and Morty: Season 1: Meeseeks and Destroy","7/12/22"
"Rick and Morty: Season 1: M. Night Shaym-Aliens!","7/11/22"
"Rick and Morty: Season 1: Anatomy Park","7/11/22"
"Batman Begins","7/2/22"
"The Queen's Gambit: Limited Series: End Game","6/30/22"
"The Queen's Gambit: Limited Series: Openings","6/30/22"
"The Queen's Gambit: Limited Series: Adjournment","6/29/22"
"The Queen's Gambit: Limited Series: Fork","6/29/22"
"The Queen's Gambit: Limited Series: Middle Game","6/28/22"
"The Queen's Gambit: Limited Series: Doubled Pawns","6/28/22"
"The Queen's Gambit: Limited Series: Exchanges","6/28/22"
"The Umbrella Academy: Season 3: Oblivion","6/24/22"
"The Umbrella Academy: Season 3: Seven Bells","6/24/22"
"The Umbrella Academy: Season 3: Wedding at the End of the World","6/24/22"
"The Umbrella Academy: Season 3: Auf Wiedersehen","6/24/22"
"The Umbrella Academy: Season 3: Marigold","6/24/22"
"The Umbrella Academy: Season 3: Kindest Cut","6/23/22"
"The Umbrella Academy: Season 3: Kugelblitz","6/23/22"
"The Umbrella Academy: Season 3: Pocket Full of Lightning","6/23/22"
"The Umbrella Academy: Season 3: World's Biggest Ball of Twine","6/22/22"
"The Umbrella Academy: Season 3: Meet the Family","6/22/22"
"How to Train Your Dragon 2","6/22/22"
"How to Train Your Dragon","6/22/22"
"The Life and Movies of Erşan Kuneri: Season 1: Couldn't Get Enough","5/21/22"
"Goon: Last of the Enforcers","4/17/22"
"Spider-Man: Homecoming","4/17/22"
"The Principles of Pleasure: Limited Series: Our Minds","3/28/22"
"The Principles of Pleasure: Limited Series: Our Bodies","3/28/22"
"Türk Malı: 1. Bölüm","3/28/22"
"In Time","3/22/22"
"The Tinder Swindler","3/11/22"
"Midnight at the Pera Palace: Season 1: Hairspring","3/10/22"
"Midnight at the Pera Palace: Season 1: Confrontation","3/10/22"
"Midnight at the Pera Palace: Season 1: Life or Death","3/10/22"
"Midnight at the Pera Palace: Season 1: What Goes Around Comes Around","3/10/22"
"Midnight at the Pera Palace: Season 1: Awol","3/10/22"
"Midnight at the Pera Palace: Season 1: Secret","3/10/22"
"Midnight at the Pera Palace: Season 1: Roots","3/9/22"
"Midnight at the Pera Palace: Season 1: The Journey","3/9/22"
"Battlebots: Series Premiere: Qualifiers","3/9/22"
"Mr. Robot: Season 4: Hello, Elliot","3/9/22"
"Mr. Robot: Season 4: whoami","3/9/22"
"Mr. Robot: Season 4: eXit","3/9/22"
"Mr. Robot: Season 4: 410 Gone","3/9/22"
"Mr. Robot: Season 4: 409 Conflict","3/8/22"
"Mr. Robot: Season 4: 408 Request Timeout","3/8/22"
"Mr. Robot: Season 4: 407 Proxy Authentication Required","3/8/22"
"Mr. Robot: Season 4: 406 Not Acceptable","3/8/22"
"Mr. Robot: Season 4: 405 Method Not Allowed","3/8/22"
"Mr. Robot: Season 4: 404 Not Found","3/8/22"
"Mr. Robot: Season 4: 403 Forbidden","3/7/22"
"Mr. Robot: Season 4: 402 Payment Required","3/7/22"
"Mr. Robot: Season 4: 401 Unauthorized","3/7/22"
"Mr. Robot: Season 3: shutdown –r","3/7/22"
"Mr. Robot: Season 3: eps3.8_stage3.torrent","3/7/22"
"Mr. Robot: Season 3: eps3.7_dont-delete-me.ko","3/7/22"
"Mr. Robot: Season 3: eps3.6_fredrick+tanya.chk","3/7/22"
"Mr. Robot: Season 3: eps3.5_kill-process.inc","3/7/22"
"Mr. Robot: Season 3: eps3.4_runtime-error.r00","3/7/22"
"Mr. Robot: Season 3: eps3.3_metadata.par2","3/7/22"
"Mr. Robot: Season 3: eps3.2_legacy.so","3/6/22"
"Mr. Robot: Season 3: eps3.1_undo.gz","3/5/22"
"Mr. Robot: Season 3: eps3.0_power-saver-mode.h","3/5/22"
"Mr. Robot: Season 2: eps2.9_pyth0n-pt2.p7z","3/5/22"
"Mr. Robot: Season 2: eps2.9_pyth0n-pt1.p7z","3/5/22"
"Mr. Robot: Season 2: eps2.8_h1dden-pr0cess.axx","3/5/22"
"Kardeş Payı: Season 2: 26. Bölüm","3/3/22"
"Mr. Robot: Season 2: eps2.7_init_5.fve","3/3/22"
"Kardeş Payı: Season 2: 25. Bölüm","2/28/22"
"Kardeş Payı: Season 2: 24. Bölüm","2/27/22"
"Kardeş Payı: Season 2: 23. Bölüm","2/26/22"
"Kardeş Payı: 22. Bölüm","2/26/22"
"Kardeş Payı: 21. Bölüm","2/26/22"
"Kardeş Payı: 20. Bölüm","2/26/22"
"Kardeş Payı: 19. Bölüm","2/26/22"
"Kardeş Payı: 18. Bölüm","2/25/22"
"Kardeş Payı: 17. Bölüm","2/25/22"
"Kardeş Payı: 16. Bölüm","2/25/22"
"Kardeş Payı: 15. Bölüm","2/24/22"
"Kardeş Payı: 14. Bölüm","2/24/22"
"Kardeş Payı: 13. Bölüm","2/24/22"
"Kardeş Payı: 12. Bölüm","2/24/22"
"Kardeş Payı: 11. Bölüm","2/23/22"
"Kardeş Payı: 10. Bölüm","2/23/22"
"Kardeş Payı: 9. Bölüm","2/23/22"
"Kardeş Payı: 8. Bölüm","2/22/22"
"Kardeş Payı: 7. Bölüm","2/22/22"
"Kardeş Payı: 6. Bölüm","2/22/22"
"Kardeş Payı: 5. Bölüm","2/22/22"
"Kardeş Payı: 4. Bölüm","2/22/22"
"Kardeş Payı: 3. Bölüm","2/22/22"
"Kardeş Payı: 2. Bölüm","2/22/22"
"Kardeş Payı: 1. Bölüm","2/21/22"
"Marvel's Luke Cage: Season 2: The Main Ingredient","2/5/22"
"Marvel's Luke Cage: Season 2: For Pete's Sake","2/5/22"
"Marvel's Luke Cage: Season 2: If It Ain't Rough, It Ain't Right","2/5/22"
"Marvel's Luke Cage: Season 2: On and On","2/3/22"
"Marvel's Luke Cage: Season 2: The Basement","2/3/22"
"Marvel's Luke Cage: Season 2: All Souled Out","1/24/22"
"Marvel's Luke Cage: Season 2: I Get Physical","1/24/22"
"Marvel's Luke Cage: Season 2: Wig Out","1/24/22"
"Marvel's Luke Cage: Season 2: Straighten It Out","1/13/22"
"Marvel's Luke Cage: Season 2: Soul Brother #1","1/13/22"
"Marvel's Luke Cage: You Know My Steez","1/10/22"
"Marvel's Luke Cage: Soliloquy of Chaos","1/10/22"
"Marvel's Luke Cage: Now You're Mine","1/9/22"
"Marvel's Luke Cage: Take It Personal","1/9/22"
"Marvel's Luke Cage: DWYCK","1/9/22"
"Marvel's Luke Cage: Blowin' Up the Spot","1/2/22"
"Marvel's Luke Cage: Manifest","1/2/22"
"Marvel's Luke Cage: Suckas Need Bodyguards","1/2/22"
"Marvel's Luke Cage: Just to Get a Rep","1/2/22"
"Marvel's Luke Cage: Step in the Arena","1/2/22"
"Marvel's Luke Cage: Who's Gonna Take the Weight?","1/2/22"
"Marvel's Luke Cage: Code of the Streets","1/2/22"
"Marvel's Luke Cage: Moment of Truth","1/2/22"
"Marvel's The Punisher: Season 2: The Whirlwind","12/27/21"
"Marvel's The Punisher: Season 2: Collision Course","12/27/21"
"Marvel's The Punisher: Season 2: The Abyss","12/27/21"
"Marvel's The Punisher: Season 2: The Dark Hearts of Men","12/27/21"
"Marvel's The Punisher: Season 2: Flustercluck","12/27/21"
"Marvel's The Punisher: Season 2: My Brother's Keeper","12/23/21"
"Marvel's The Punisher: Season 2: One Bad Day","12/23/21"
"Marvel's The Punisher: Season 2: Nakazat","12/23/21"
"Marvel's The Punisher: Season 2: One-Eyed Jacks","12/23/21"
"Marvel's The Punisher: Season 2: Scar Tissue","12/23/21"
"Marvel's The Punisher: Season 2: Trouble the Water","12/23/21"
"Marvel's The Punisher: Season 2: Fight or Flight","12/23/21"
"Marvel's The Punisher: Season 2: Roadhouse Blues","12/23/21"
"Marvel's The Punisher: Memento Mori","12/23/21"
"Marvel's The Punisher: Home","12/23/21"
"Marvel's The Punisher: Danger Close","12/22/21"
"Marvel's The Punisher: Virtue of the Vicious","12/22/21"
"Marvel's The Punisher: Front Toward Enemy","12/22/21"
"Marvel's The Punisher: Cold Steel","12/22/21"
"Marvel's The Punisher: Crosshairs","12/22/21"
"Marvel's The Punisher: The Judas Goat","12/22/21"
"Marvel's The Punisher: Gunner","12/22/21"
"Marvel's The Punisher: Resupply","12/21/21"
"Marvel's The Punisher: Kandahar","12/21/21"
"Marvel's The Punisher: Two Dead Men","12/21/21"
"Marvel's The Punisher: 3AM","12/21/21"
"The Witcher: Season 2: A Grain of Truth","12/21/21"
"The Amazing Spider-Man","12/17/21"
"Money Heist: Part 5: A Family Tradition","12/6/21"
"Money Heist: Part 5: Pillow Talk","12/6/21"
"Money Heist: Part 5: The Elegance Theory","12/6/21"
"Money Heist: Part 5: Wishful Thinking","12/6/21"
"Money Heist: Part 5: Escape Valve","12/4/21"
"Friends: Season 7: The One with Phoebe's Cookies","12/1/21"
"Friends: Season 7: The One with Rachel's Book","12/1/21"
"Friends: Season 7: The One with Monica's Thunder","12/1/21"
"Friends: Season 6: The One with the Proposal: Part 2","12/1/21"
"Friends: Season 6: The One with the Proposal: Part 1","12/1/21"
"Friends: Season 6: The One with the Ring","12/1/21"
"Friends: Season 6: The One Where Paul's the Man","11/30/21"
"Friends: Season 6: The One Where Ross Meets Elizabeth's Dad","11/30/21"
"Friends: Season 6: The One with Mac and C.H.E.E.S.E","11/30/21"
"Friends: Season 6: The One with Joey's Fridge","11/25/21"
"Friends: Season 6: The One Where Ross Dates a Student","11/25/21"
"Friends: Season 6: The One with Unagi","11/25/21"
"Friends: Season 6: The One That Could Have Been: Part 2","11/25/21"
"Friends: Season 6: The One That Could Have Been: Part 1","11/25/21"
"Friends: Season 6: The One Where Chandler Can't Cry","11/25/21"
"Friends: Season 6: The One with Rachel's Sister","11/25/21"
"Friends: Season 6: The One with the Joke","11/25/21"
"Friends: Season 6: The One with the Apothecary Table","11/25/21"
"Friends: Season 6: The One with the Routine","11/25/21"
"Friends: Season 6: The One Where Ross Got High","11/25/21"
"Friends: Season 6: The One with Ross's Teeth","11/24/21"
"Friends: Season 6: The One Where Phoebe Runs","11/24/21"
"Friends: Season 6: The One on the Last Night","11/24/21"
"Friends: Season 6: The One with Joey's Porsche","11/24/21"
"Friends: Season 6: The One Where Joey Loses His Insurance","11/24/21"
"Friends: Season 6: The One with Ross's Denial","11/24/21"
"Friends: Season 6: The One Where Ross Hugs Rachel","11/24/21"
"Friends: Season 6: The One After Vegas","11/24/21"
"Friends: Season 5: The One in Vegas: Part 2","11/24/21"
"Friends: Season 5: The One in Vegas: Part 1","11/24/21"
"Friends: Season 5: The One with Joey's Big Break","11/24/21"
"Friends: Season 5: The One with the Ball","11/24/21"
"Friends: Season 5: The One with the Ride-Along","11/23/21"
"Friends: Season 5: The One Where Ross Can't Flirt","11/23/21"
"Friends: Season 5: The One Where Rachel Smokes","11/23/21"
"Friends: Season 5: The One with Rachel's Inadvertent Kiss","11/23/21"
"Friends: Season 5: The One with the Cop","11/23/21"
"Friends: Season 5: The One with the Girl Who Hits Joey","11/23/21"
"Friends: Season 5: The One Where Everybody Finds Out","11/23/21"
"Friends: Season 5: The One with Joey's Bag","11/22/21"
"Friends: Season 5: The One with Chandler's Work Laugh","11/22/21"
"Friends: Season 5: The One with All the Resolutions","11/22/21"
"Friends: Season 5: The One with the Inappropriate Sister","11/22/21"
"Friends: Season 5: The One with Ross's Sandwich","11/22/21"
"Friends: Season 5: The One with All the Thanksgivings","11/22/21"
"Friends: Season 5: The One Where Ross Moves In","11/22/21"
"Friends: Season 5: The One with the Yeti","11/22/21"
"Friends: Season 5: The One with the Kips","11/22/21"
"Friends: Season 5: The One Where Phoebe Hates PBS","11/22/21"
"Friends: Season 5: The One Hundredth","11/22/21"
"Friends: Season 5: The One with All the Kissing","11/22/21"
"Friends: Season 5: The One After Ross Says Rachel","11/22/21"
"Friends: Season 4: The One with Ross's Wedding: Part 2","11/22/21"
"Friends: Season 4: The One with Ross's Wedding: Part 1","11/22/21"
"Friends: Season 4: The One with the Worst Best Man Ever","11/22/21"
"Friends: Season 4: The One with the Invitation","11/22/21"
"Friends: Season 4: The One with the Wedding Dresses","11/22/21"
"Friends: Season 4: The One with All the Haste","11/22/21"
"Friends: Season 4: The One with Rachel's New Dress","11/22/21"
"Friends: Season 4: The One with the Free Porn","11/22/21"
"Friends: Season 4: The One with the Fake Party","11/22/21"
"Friends: Season 4: The One with All the Rugby","11/22/21"
"Friends: Season 4: The One with Joey's Dirty Day","11/22/21"
"Friends: Season 4: The One with Rachel's Crush","11/22/21"
"Friends: Season 4: The One with the Embryos","11/21/21"
"Friends: Season 4: The One with Phoebe's Uterus","11/21/21"
"Friends: Season 4: The One with the Girl from Poughkeepsie","11/21/21"
"Friends: Season 4: The One Where They're Going to Party","11/21/21"
"Friends: Season 4: The One with Chandler in a Box","11/21/21"
"Friends: Season 4: The One Where Chandler Crosses the Line","11/21/21"
"Friends: Season 4: The One with the Dirty Girl","11/21/21"
"Friends: Season 4: The One with Joey's New Girlfriend","11/20/21"
"Friends: Season 4: The One with the Ballroom Dancing","11/20/21"
"Friends: Season 4: The One with the 'Cuffs","11/20/21"
"Friends: Season 4: The One with the Cat","11/20/21"
"Friends: Season 4: The One with the Jellyfish","11/20/21"
"Friends: Season 3: The One at the Beach","11/20/21"
"Friends: Season 3: The One with the Ultimate Fighting Champion","11/20/21"
"Friends: Season 3: The One with Ross's Thing","11/20/21"
"Friends: Season 3: The One with the Screamer","11/20/21"
"Friends: Season 3: The One with a Chick. And a Duck","11/20/21"
"Friends: Season 3: The One with the Dollhouse","11/19/21"
"Friends: Season 3: The One with the Tiny T-Shirt","11/19/21"
"Friends: Season 3: The One with the Hypnosis Tape","11/19/21"
"Friends: Season 3: The One Without the Ski Trip","11/19/21"
"Friends: Season 3: The One The Morning After","11/19/21"
"Friends: Season 3: The One Where Ross & Rachel Take a Break","11/19/21"
"Friends: Season 3: The One with Phoebe's Ex-Partner","11/19/21"
"Friends: Season 3: The One Where Monica & Richard Are Just Friends","11/19/21"
"Friends: Season 3: The One with All the Jealousy","11/19/21"
"Friends: Season 3: The One Where Chandler Can't Remember Which Sister","11/19/21"
"Friends: Season 3: The One Where Rachel Quits","11/19/21"
"Friends: Season 3: The One with the Football","11/19/21"
"Friends: Season 3: The One with the Giant Poking Device","11/19/21"
"Friends: Season 3: The One with the Race Car Bed","11/19/21"
"Friends: Season 3: The One with the Flashback","11/19/21"
"Friends: Season 3: The One with Frank Jr","11/19/21"
"Friends: Season 3: The One with the Metaphorical Tunnel","11/19/21"
"Friends: Season 3: The One with the Jam","11/19/21"
"Friends: Season 3: The One Where No One's Ready","11/18/21"
"Friends: Season 3: The One with the Princess Leia Fantasy","11/18/21"
"Friends: Season 2: The One with Barry and Mindy's Wedding","11/18/21"
"Friends: Season 2: The One with the Chicken Pox","11/18/21"
"Friends: Season 2: The One with the Two Parties","11/18/21"
"Friends: Season 2: The One with the Bullies","11/18/21"
"Friends: Season 2: The One Where Old Yeller Dies","11/18/21"
"Friends: Season 2: The One Where Eddie Won't Go","11/18/21"
"Friends: Season 2: The One Where Dr. Ramoray Dies","11/18/21"
"Friends: Season 2: The One Where Eddie Moves In","11/18/21"
"Friends: Season 2: The One Where Joey Moves Out","11/18/21"
"Friends: Season 2: The One Where Ross and Rachel...You Know","11/18/21"
"Friends: Season 2: The One with the Prom Video","11/18/21"
"Friends: Season 2: The One After the Super Bowl: Part 2","11/18/21"
"Friends: Season 2: The One After the Super Bowl: Part 1","11/18/21"
"Friends: Season 2: The One with the Lesbian Wedding","11/18/21"
"Friends: Season 2: The One with Russ","11/18/21"
"Friends: Season 2: The One with Phoebe's Dad","11/17/21"
"Friends: Season 2: The One with the List","11/17/21"
"Friends: Season 2: The One Where Ross Finds Out","11/17/21"
"Friends: Season 2: The One with the Baby on the Bus","11/17/21"
"Friends: Season 2: The One with Five Steaks and an Eggplant","11/17/21"
"Friends: Season 2: The One with Phoebe's Husband","11/17/21"
"Friends: Season 2: The One Where Heckles Dies","11/17/21"
"Friends: Season 2: The One with the Breast Milk","11/17/21"
"Friends: Season 2: The One with Ross's New Girlfriend","11/17/21"
"Friends: Season 1: The One Where Rachel Finds Out","11/17/21"
"Friends: Season 1: The One with the Birth","11/17/21"
"Friends: Season 1: The One with the Ick Factor","11/17/21"
"Friends: Season 1: The One with the Fake Monica","11/17/21"
"Friends: Season 1: The One with the Evil Orthodontist","11/17/21"
"Friends: Season 1: The One Where the Monkey Gets Away","11/17/21"
"Friends: Season 1: The One with All the Poker","11/17/21"
"Friends: Season 1: The One with the Two Parts: Part 2","11/17/21"
"Friends: Season 1: The One with the Two Parts: Part 1","11/17/21"
"Friends: Season 1: The One with the Stoned Guy","11/17/21"
"Friends: Season 1: The One with the Candy Hearts","11/17/21"
"Friends: Season 1: The One with the Boobies","11/17/21"
"Friends: Season 1: The One with the Dozen Lasagnas","11/17/21"
"Friends: Season 1: The One with Mrs. Bing","11/17/21"
"Friends: Season 1: The One with the Monkey","11/17/21"
"Mr. Robot: Season 2: eps2.6_succ3ss0r.p12","10/27/21"
"Mr. Robot: Season 2: eps2.5_h4ndshake.sme","10/27/21"
"Mr. Robot: Season 2: eps2.4_m4ster-s1ave.aes","10/20/21"
"Mr. Robot: Season 2: eps2.3_logic-b0mb.hc","10/19/21"
"Mr. Robot: Season 2: eps2.2_init_1.asec","10/18/21"
"Mr. Robot: Season 2: eps2.1_k3rnel-pan1c.ksd","10/15/21"
"Mr. Robot: Season 2: eps2.0_unm4sk-pt2.tc","10/15/21"
"Mr. Robot: Season 2: eps2.0_unm4sk-pt1.tc","10/14/21"
"Mr. Robot: eps1.9_zer0-daY.avi","10/14/21"
"Mr. Robot: eps1.8_m1rr0r1ng.qt","10/14/21"
"Mr. Robot: eps1.7_wh1ter0se.m4v","10/14/21"
"Mr. Robot: eps1.6_v1ew-s0urce.flv","10/13/21"
"Mr. Robot: eps1.5_br4ve-trave1er.asf","10/13/21"
"Mr. Robot: eps1.4_3xpl0its.wmv","10/13/21"
"Mr. Robot: eps1.3_da3m0ns.mp4","10/11/21"
"Mr. Robot: eps1.2_d3bug.mkv","10/10/21"
"Mr. Robot: eps1.1_ones-and-zer0es.mpeg","10/10/21"
"Mr. Robot: eps1.0_hellofriend.mov","10/10/21"
"Recep İvedik 5","10/8/21"
"Squid Game: Season 1: One Lucky Day","10/4/21"
"Squid Game: Season 1: Front Man","10/4/21"
"Squid Game: Season 1: VIPS","10/4/21"
"Squid Game: Season 1: Gganbu","10/4/21"
"Squid Game: Season 1: A Fair World","10/4/21"
"Squid Game: Season 1: Stick to the Team","10/4/21"
"Squid Game: Season 1: The Man with the Umbrella","10/4/21"
"Squid Game: Season 1: Hell","10/4/21"
"Squid Game: Season 1: Red Light, Green Light","10/3/21"
"Love 101: Season 2: Episode 8","10/1/21"
"Love 101: Season 2: Episode 7","10/1/21"
"Love 101: Season 2: Episode 6","10/1/21"
"Love 101: Season 2: Episode 5","10/1/21"
"Love 101: Season 2: Episode 4","9/30/21"
"Love 101: Season 2: Episode 3","9/30/21"
"Love 101: Season 2: Episode 2","9/30/21"
"Love 101: Season 2: Episode 1","9/30/21"
"The Departed","9/20/21"
"Money Heist: Part 5: Live Many Lives","9/5/21"
"Money Heist: Part 5: Welcome to the Spectacle of Life","9/5/21"
"Money Heist: Part 5: Do You Believe in Reincarnation?","9/5/21"
"Money Heist: Part 5: The End of the Road","9/5/21"
"Money Heist: Part 5: Your Place in Heaven","9/4/21"
"Money Heist: Part 1: Episode 1","9/3/21"
"Love, Death & Robots: Volume 1: BEYOND THE AQUILA RIFT","8/14/21"
"Love, Death & Robots: Volume 1: THREE ROBOTS","8/14/21"
"Love, Death & Robots: Volume 2: Ice","8/14/21"
"Love, Death & Robots: Volume 2: Automated Customer Service","8/14/21"
"Major Grom: Plague Doctor","8/13/21"
"Bad Trip","8/6/21"
"Venom","8/6/21"
"Recep Ivedik 4","8/4/21"
"Shazam!","8/3/21"
"Recep Ivedik","8/3/21"
"Ghost Rider","7/24/21"
"Sar Başa","7/10/21"
"The Hangover: Part II","7/3/21"
"Ted 2","7/3/21"
"Sex/Life: Season 1: Empire State of Mind","7/3/21"
"Too Hot to Handle: Season 2: C**kblocked by a Cone","7/3/21"
"Justice League","6/25/21"
"John Wick: Chapter 2","6/21/21"
"American Pie Presents: The Naked Mile","6/20/21"
"Rampage","6/19/21"
"Baywatch","6/18/21"
"365 Days","6/18/21"
"The Gift: Season 3: Episode 2","6/17/21"
"The Gift: Season 3: Episode 1","6/17/21"
"Overnight Republic","6/16/21"
"Ragnarok: Season 2: All You Need Is Love","6/1/21"
"Ragnarok: Season 2: Know Yourself","6/1/21"
"Ragnarok: Season 2: God Is God, Though All Men Death Had Tasted","6/1/21"
"Ragnarok: Season 2: Power to the People","6/1/21"
"Ragnarok: Season 2: What Happened to the Nice, Old Lady?","6/1/21"
"Ragnarok: Season 2: Brothers in Arms","6/1/21"
"Creating an Army of the Dead","5/26/21"
"Army of the Dead","5/26/21"
"Fast & Furious Presents: Hobbs & Shaw","5/21/21"
"Friends: Season 1: The One Where Underdog Gets Away","5/14/21"
"Jupiter's Legacy: How It All Ends","5/14/21"
"Jupiter's Legacy: Omnes Pro Uno","5/14/21"
"Jupiter's Legacy: Cover Her Face","5/12/21"
"Jupiter's Legacy: What's the Use?","5/11/21"
"Jupiter's Legacy: All the Devils Are Here","5/11/21"
"Jupiter's Legacy: Painting the Clouds With Sunshine","5/10/21"
"Jupiter's Legacy: Paper and Stone","5/10/21"
"Jupiter's Legacy: By Dawn's Early Light","5/10/21"
"The Green Mile","5/1/21"
"Friends: Season 1: The One Where Nana Dies Twice","4/14/21"
"Friends: Season 1: The One with the Blackout","4/14/21"
"Friends: Season 1: The One with the Butt","4/14/21"
"Friends: Season 1: The One with the East German Laundry Detergent","4/14/21"
"Friends: Season 1: The One with George Stephanopoulos","4/14/21"
"Friends: Season 1: The One with the Thumb","4/8/21"
"Friends: Season 1: The One with the Sonogram at the End","4/8/21"
"Friends: Season 1: The One Where Monica Gets a Roommate (Pilot)","4/8/21"
"Veda","4/8/21"
"Paper Lives","3/27/21"
"Good Game: The Beginning","3/8/21"
"Black Mirror: Season 5: Rachel, Jack and Ashley Too","3/8/21"
"We Are: The Brooklyn Saints: Welcome to the Saints Young Man","3/6/21"
"Mr. Peabody & Sherman","3/6/21"
"Turbo","3/5/21"
"Yu-Gi-Oh!: Dungeon Dice Monsters: Part 4 (Endgame)","3/5/21"
"Yu-Gi-Oh!: Dungeon Dice Monsters: Part 3","3/5/21"
"Yu-Gi-Oh!: Dungeon Dice Monsters: Part 2","3/5/21"
"Yu-Gi-Oh!: Dungeon Dice Monsters: Part 1","3/5/21"
"Yu-Gi-Oh!: Legendary Heroes: Part 3","3/5/21"
"Yu-Gi-Oh!: Legendary Heroes: Part 2","3/5/21"
"Yu-Gi-Oh!: Legendary Heroes: Part 1","3/5/21"
"Yu-Gi-Oh!: The Ties of Friendship","3/4/21"
"Yu-Gi-Oh!: The Wrath of Rebecca","3/4/21"
"Yu-Gi-Oh!: Aftermath","3/4/21"
"Yu-Gi-Oh!: Yugi vs. Pegasus Match of the Millennium: Part 5","3/4/21"
"Yu-Gi-Oh!: Yugi vs. Pegasus Match of the Millennium: Part 4","3/4/21"
"Yu-Gi-Oh!: Yugi vs. Pegasus Match of the Millennium: Part 3","3/4/21"
"Yu-Gi-Oh!: Yugi vs. Pegasus Match of the Millennium: Part 2","3/4/21"
"Yu-Gi-Oh!: Yugi vs. Pegasus Match of the Millennium: Part 1","3/4/21"
"Yu-Gi-Oh!: Best of Friends Best of Duelists: Part 2","3/4/21"
"Yu-Gi-Oh!: Best of Friends Best of Duelists: Part 1","3/4/21"
"Yu-Gi-Oh!: Keith's Machinations: Part 2","3/4/21"
"Yu-Gi-Oh!: Keith's Machinations: Part 1","3/4/21"
"Yu-Gi-Oh!: Duel Identity: Part 2","3/3/21"
"Yu-Gi-Oh!: Duel Identity: Part 1","3/3/21"
"Yu-Gi-Oh!: The Night Before","3/3/21"
"Yu-Gi-Oh!: Champion vs. Creator: Part 2","3/3/21"
"Yu-Gi-Oh!: Champion vs. Creator: Part 1","3/3/21"
"Yu-Gi-Oh!: Shining Friendship","3/3/21"
"Yu-Gi-Oh!: Face Off: Part 3","3/3/21"
"Yu-Gi-Oh!: Face Off: Part 2","3/3/21"
"Yu-Gi-Oh!: Face Off: Part 1","3/3/21"
"Yu-Gi-Oh!: Double Trouble Duel: Part 3","3/3/21"
"Yu-Gi-Oh!: Double Trouble Duel: Part 2","3/3/21"
"Yu-Gi-Oh!: Double Trouble Duel: Part 1","3/3/21"
"Yu-Gi-Oh!: Arena of Lost Souls: Part 2","3/3/21"
"Yu-Gi-Oh!: Arena of Lost Souls: Part 1","3/3/21"
"Yu-Gi-Oh!: The Scars of Defeat","3/2/21"
"Yu-Gi-Oh!: Winning Through Intimidation","3/2/21"
"Yu-Gi-Oh!: The Light at the End of the Tunnel","3/2/21"
"Yu-Gi-Oh!: Evil Spirit of the Ring","3/2/21"
"Yu-Gi-Oh!: Trial by Red Eyes","3/2/21"
"Yu-Gi-Oh!: The Dueling Monkey","3/2/21"
"Yu-Gi-Oh!: Give Up the Ghost","3/2/21"
"Yu-Gi-Oh!: Duel with a Ghoul","3/2/21"
"Yu-Gi-Oh!: Everything's Relative","3/2/21"
"Yu-Gi-Oh!: Attack from the Deep","3/2/21"
"Yu-Gi-Oh!: First Duel","3/2/21"
"Yu-Gi-Oh!: The Ultimate Great Moth","3/2/21"
"Yu-Gi-Oh!: Into the Hornet's Nest","3/2/21"
"Yu-Gi-Oh!: Journey to the Duelist Kingdom","3/2/21"
"Yu-Gi-Oh!: The Gauntlet Is Thrown","3/2/21"
"Yu-Gi-Oh!: The Heart of the Cards","3/2/21"
"Love 101: Season 1: A Special Moment","3/1/21"
"Love 101: Season 1: A Turn","3/1/21"
"Love 101: Season 1: Fun","3/1/21"
"Love 101: Season 1: Affection","3/1/21"
"Love 101: Season 1: Longing","3/1/21"
"Love 101: Season 1: Lust","3/1/21"
"Love 101: Season 1: Admiration","3/1/21"
"Love 101: Season 1: The First Moment","3/1/21"
"50M2: Episode 8","2/19/21"
"50M2: Episode 7","2/19/21"
"50M2: Episode 6","2/19/21"
"50M2: Episode 5","2/18/21"
"50M2: Episode 4","2/18/21"
"50M2: Episode 3","2/18/21"
"50M2: Episode 2","2/18/21"
"50M2: Episode 1","2/18/21"
"Outside the Wire","1/27/21"
"Stuck Apart","1/26/21"
"Aquaman","1/25/21"
"Brooklyn Nine-Nine: Season 1: Pilot","1/15/21"
"Suicide Squad","1/8/21"
"Death to 2020","1/6/21"
"Sherlock: Series 3: The Sign of Three","1/5/21"
"Sherlock: Series 3: The Empty Hearse","1/5/21"
"Sherlock: Series 2: The Reichenbach Fall","1/2/21"
"Sherlock: Series 2: The Hounds of Baskerville","1/1/21"
"Sherlock: Series 2: A Scandal in Belgravia","1/1/21"
"Sherlock: The Great Game","12/31/20"
"Trailer Park Boys: The Animated Series: Season 1: Long Story Short … A Bear Ripped My C**k Off and Ate It","12/31/20"
"Trailer Park Boys: Season 1: Mrs. Peterson's Dog Gets F**ked Up","12/31/20"
"Trailer Park Boys: Season 1: Mr. Lahey's Got My Porno Tape!","12/31/20"
"Trailer Park Boys: Season 1: F**k Community College, Let's Get Drunk and Eat Chicken Fingers","12/31/20"
"Trailer Park Boys: Season 1: Take Your Little Gun and Get Out of My Trailer Park","12/31/20"
"Sherlock: The Blind Banker","12/29/20"
"Sherlock: A Study in Pink","12/29/20"
"John Wick: Chapter 3 - Parabellum","12/29/20"
"South Park: Season 16: Reverse Cowgirl","12/18/20"
"Family Guy: Season 13: The Simpsons Guy: Part 1","12/18/20"
"Ethos: Episode 6","12/18/20"
"Furious 7","12/17/20"
"Leyla Everlasting","12/7/20"
"Ethos: Episode 5","12/7/20"
"Ethos: Episode 4","12/5/20"
"Ethos: Episode 3","12/4/20"
"Ethos: Episode 2","12/4/20"
"Ethos: Episode 1","12/4/20"
"Fast & Furious 6","12/3/20"
"Fast Five","12/3/20"
"Fast & Furious","12/2/20"
"The Fast and the Furious","12/2/20"
"Last Chance U: EMCC: Part 1: Plan B","12/1/20"
"Last Chance U: EMCC: Part 1: Most Dangerous Game","12/1/20"
"The Purge: Anarchy","11/29/20"
"Last Chance U: EMCC: Part 1: Last Chance U","11/23/20"
"The Pocket Hercules Naim","11/20/20"
"Last Chance U: Laney: The Town","11/15/20"
"Jumanji: Welcome to the Jungle","11/3/20"
"Men in Black II","11/3/20"
" ","10/29/20"
"Brother in Love","10/29/20"
"Kolpaçino: Bomba","10/28/20"
"Maskeli Besler Irak","10/28/20"
"Bodyguard: Episode 6","10/24/20"
"Bodyguard: Episode 5","10/24/20"
"Bodyguard: Episode 4","10/23/20"
"Bodyguard: Episode 3","10/23/20"
"Bodyguard: Episode 2","10/23/20"
"Bodyguard: Episode 1","10/22/20"
"Last Chance U: Laney: Football might be over for you","10/21/20"
"Last Chance U: Laney: New Oakland","10/21/20"
"Last Chance U: Laney: Ā, upane! ka upane!","10/20/20"
"Çakallarla Dans 5","10/20/20"
"Last Chance U: Laney: The City","10/18/20"
"How I Met Your Mother: Season 9: Last Forever: Part Two","10/17/20"
"How I Met Your Mother: Season 9: Last Forever: Part One","10/17/20"
"Last Chance U: Laney: Greyhaven","10/17/20"
"The Godfather","10/16/20"
"Hep Yek 2","10/16/20"
"How I Met Your Mother: Season 9: The End of the Aisle","10/16/20"
"How I Met Your Mother: Season 9: Gary Blauman","10/16/20"
"How I Met Your Mother: Season 9: Daisy","10/16/20"
"How I Met Your Mother: Season 9: Vesuvius","10/16/20"
"How I Met Your Mother: Season 9: Rally","10/16/20"
"How I Met Your Mother: Season 9: Sunrise","10/16/20"
"How I Met Your Mother: Season 9: How Your Mother Met Me","10/16/20"
"How I Met Your Mother: Season 9: Unpause","10/16/20"
"How I Met Your Mother: Season 9: Slapsgiving 3: Slappointment in Slapmarra","10/16/20"
"How I Met Your Mother: Season 9: Bass Player Wanted","10/16/20"
"Hep Yek 3","10/16/20"
"American Sniper","10/15/20"
"Peaky Blinders: Season 5: Black Tuesday","10/15/20"
"Peaky Blinders: Season 4: The Company","10/15/20"
"Peaky Blinders: Season 3: Episode 1","10/15/20"
"Peaky Blinders: Season 2: Episode 6","10/15/20"
"Peaky Blinders: Season 1: Episode 6","10/15/20"
"Hep Yek","10/14/20"
"How I Met Your Mother: Season 9: The Rehearsal Dinner","10/14/20"
"How I Met Your Mother: Season 9: Bedtime Stories","10/14/20"
"How I Met Your Mother: Season 9: Mom and Dad","10/14/20"
"How I Met Your Mother: Season 9: Platonish","10/14/20"
"How I Met Your Mother: Season 9: The Lighthouse","10/14/20"
"How I Met Your Mother: Season 9: No Questions Asked","10/14/20"
"How I Met Your Mother: Season 9: Knight Vision","10/13/20"
"How I Met Your Mother: Season 9: The Poker Game","10/13/20"
"How I Met Your Mother: Season 9: The Broken Code","10/13/20"
"How I Met Your Mother: Season 9: Last Time in New York","10/13/20"
"How I Met Your Mother: Season 9: Coming Back","10/13/20"
"How I Met Your Mother: Season 9: The Locket","10/13/20"
"Last Chance U: Laney: Cast-Offs","10/13/20"
"Last Chance U: Laney: QB4","10/13/20"
"How I Met Your Mother: Season 8: Something New","10/13/20"
"How I Met Your Mother: Season 8: Something Old","10/13/20"
"How I Met Your Mother: Season 8: The Bro Mitzvah","10/12/20"
"How I Met Your Mother: Season 8: Romeward Bound","10/12/20"
"How I Met Your Mother: Season 8: The Time Travelers","10/12/20"
"How I Met Your Mother: Season 8: The Fortress","10/12/20"
"How I Met Your Mother: Season 8: Weekend at Barney's","10/12/20"
"How I Met Your Mother: Season 8: The Ashtray","10/12/20"
"How I Met Your Mother: Season 8: Bad Crazy","10/11/20"
"How I Met Your Mother: Season 8: P.S. I Love You","10/11/20"
"How I Met Your Mother: Season 8: Ring Up!","10/11/20"
"How I Met Your Mother: Season 8: Band or DJ?","10/11/20"
"How I Met Your Mother: Season 8: The Final Page: Part 2","10/11/20"
"Last Chance U: INDY: Part 2: Hustlers Survive","10/8/20"
"Last Chance U: INDY: Part 2: Famous Forever","10/7/20"
"How I Met Your Mother: Season 8: The Final Page: Part 1","10/7/20"
"How I Met Your Mother: Season 8: The Over-Correction","10/7/20"
"How I Met Your Mother: Season 8: Lobster Crawl","10/7/20"
"How I Met Your Mother: Season 8: Twelve Horny Women","10/7/20"
"How I Met Your Mother: Season 8: The Stamp Tramp","10/5/20"
"How I Met Your Mother: Season 8: Splitsville","10/5/20"
"How I Met Your Mother: Season 8: The Autumn of Break-Ups","10/5/20"
"How I Met Your Mother: Season 8: Who Wants to Be a Godparent?","10/5/20"
"How I Met Your Mother: Season 8: Nannies","10/5/20"
"How I Met Your Mother: Season 8: The Pre-Nup","10/4/20"
"How I Met Your Mother: Season 8: Farhampton","10/4/20"
"How I Met Your Mother: Season 7: The Magician's Code Part 2","10/4/20"
"How I Met Your Mother: Season 7: The Magician's Code Part 1","10/4/20"
"How I Met Your Mother: Season 7: Good Crazy","10/4/20"
"How I Met Your Mother: Season 7: Now We're Even","10/4/20"
"How I Met Your Mother: Season 7: Trilogy Time","10/4/20"
"How I Met Your Mother: Season 7: The Broath","10/4/20"
"How I Met Your Mother: Season 7: Karma","10/4/20"
"How I Met Your Mother: Season 7: No Pressure","10/3/20"
"Project Power","10/3/20"
"How I Met Your Mother: Season 7: The Drunk Train","10/2/20"
"How I Met Your Mother: Season 7: The Burning Beekeeper","10/2/20"
"How I Met Your Mother: Season 7: 46 Minutes","10/2/20"
"How I Met Your Mother: Season 7: Tailgate","10/2/20"
"How I Met Your Mother: Season 7: Symphony of Illumination","10/2/20"
"How I Met Your Mother: Season 7: The Rebound Girl","10/2/20"
"The Hangover","10/2/20"
"How I Met Your Mother: Season 7: Tick Tick Tick","10/2/20"
"How I Met Your Mother: Season 7: Disaster Averted","10/2/20"
"How I Met Your Mother: Season 7: The Slutty Pumpkin Returns","10/2/20"
"How I Met Your Mother: Season 7: Noretta","10/2/20"
"How I Met Your Mother: Season 7: Mystery vs. History","10/2/20"
"How I Met Your Mother: Season 7: Field Trip","10/2/20"
"Eyyvah Eyyvah 2","10/1/20"
"How I Met Your Mother: Season 7: The Stinson Missile Crisis","10/1/20"
"How I Met Your Mother: Season 7: Ducky Tie","10/1/20"
"How I Met Your Mother: Season 7: The Naked Truth","10/1/20"
"How I Met Your Mother: Season 7: The Best Man","10/1/20"
"How I Met Your Mother: Season 6: Challenge Accepted","9/30/20"
"How I Met Your Mother: Season 6: Landmarks","9/30/20"
"Kayhan: Revenge at the Reunion","9/30/20"
"The Platform","9/30/20"
"How I Met Your Mother: Season 6: The Perfect Cocktail","9/30/20"
"How I Met Your Mother: Season 6: Hopeless","9/30/20"
"How I Met Your Mother: Season 6: The Exploding Meatball Sub","9/30/20"
"How I Met Your Mother: Season 6: Legendaddy","9/30/20"
"How I Met Your Mother: Season 6: A Change of Heart","9/30/20"
"How I Met Your Mother: Season 6: Garbage Island","9/28/20"
"How I Met Your Mother: Season 6: Desperation Day","9/28/20"
"How I Met Your Mother: Season 6: Oh Honey","9/28/20"
"How I Met Your Mother: Season 6: Last Words","9/27/20"
"How I Met Your Mother: Season 6: Bad News","9/26/20"
"How I Met Your Mother: Season 6: False Positive","9/26/20"
"How I Met Your Mother: Season 6: The Mermaid Theory","9/26/20"
"How I Met Your Mother: Season 6: Blitzgiving","9/26/20"
"How I Met Your Mother: Season 6: Glitter","9/25/20"
"How I Met Your Mother: Season 6: Natural History","9/25/20"
"How I Met Your Mother: Season 6: Canning Randy","9/25/20"
"How I Met Your Mother: Season 6: Baby Talk","9/25/20"
"How I Met Your Mother: Season 6: Architect of Destruction","9/25/20"
"How I Met Your Mother: Season 6: Subway Wars","9/25/20"
"How I Met Your Mother: Season 6: Unfinished","9/25/20"
"How I Met Your Mother: Season 6: Cleaning House","9/25/20"
"How I Met Your Mother: Season 6: Big Days","9/25/20"
"How I Met Your Mother: Season 5: Doppelgangers","9/25/20"
"How I Met Your Mother: Season 5: The Wedding Bride","9/25/20"
"How I Met Your Mother: Season 5: Robots Vs. Wrestlers","9/25/20"
"How I Met Your Mother: Season 5: Twin Beds","9/25/20"
"How I Met Your Mother: Season 5: Home Wreckers","9/25/20"
"How I Met Your Mother: Season 5: Zoo or False","9/25/20"
"How I Met Your Mother: Season 5: Say Cheese","9/25/20"
"How I Met Your Mother: Season 5: Of Course","9/25/20"
"How I Met Your Mother: Season 5: Hooked","9/25/20"
"How I Met Your Mother: Season 5: Rabbit or Duck","9/25/20"
"How I Met Your Mother: Season 5: Perfect Week","9/25/20"
"How I Met Your Mother: Season 5: Jenkins","9/25/20"
"How I Met Your Mother: Season 5: Girls Vs. Suits","9/25/20"
"How I Met Your Mother: Season 5: Last Cigarette Ever","9/24/20"
"How I Met Your Mother: Season 5: The Window","9/24/20"
"How I Met Your Mother: Season 5: Slapsgiving 2: Revenge of the Slap","9/24/20"
"How I Met Your Mother: Season 5: The Playbook","9/24/20"
"How I Met Your Mother: Season 5: The Rough Patch","9/24/20"
"How I Met Your Mother: Season 5: Bagpipes","9/24/20"
"How I Met Your Mother: Season 5: Duel Citizenship","9/24/20"
"How I Met Your Mother: Season 5: The Sexless Innkeeper","9/24/20"
"How I Met Your Mother: Season 5: Robin 101","9/24/20"
"How I Met Your Mother: Season 5: Double Date","9/24/20"
"How I Met Your Mother: Season 5: Definitions","9/23/20"
"How I Met Your Mother: Season 4: The Leap","9/23/20"
"How I Met Your Mother: Season 4: As Fast as She Can","9/23/20"
"How I Met Your Mother: Season 4: Right Place Right Time","9/23/20"
"How I Met Your Mother: Season 4: The Three Days Rule","9/23/20"
"How I Met Your Mother: Season 4: Mosbius Designs","9/23/20"
"How I Met Your Mother: Season 4: Murtaugh","9/23/20"
"How I Met Your Mother: Season 4: Old King Clancy","9/23/20"
"How I Met Your Mother: Season 4: The Front Porch","9/23/20"
"How I Met Your Mother: Season 4: Sorry, Bro","9/23/20"
"How I Met Your Mother: Season 4: The Stinsons","9/23/20"
"How I Met Your Mother: Season 4: Possimpible","9/23/20"
"How I Met Your Mother: Season 4: Three Days of Snow","9/22/20"
"How I Met Your Mother: Season 4: Benefits","9/22/20"
"League of Legends Origins","9/21/20"
"FIGHTWORLD: Mexico: La Pistola y El Corazon","9/21/20"
"How I Met Your Mother: Season 4: Little Minnesota","9/21/20"
"How I Met Your Mother: Season 4: The Fight","9/21/20"
"How I Met Your Mother: Season 4: The Naked Man","9/21/20"
"How I Met Your Mother: Season 4: Woooo!","9/21/20"
"How I Met Your Mother: Season 4: Not a Father's Day","9/21/20"
"How I Met Your Mother: Season 4: Happily Ever After","9/21/20"
"How I Met Your Mother: Season 4: Shelter Island","9/21/20"
"How I Met Your Mother: Season 4: Intervention","9/21/20"
"How I Met Your Mother: Season 4: I Heart NJ","9/21/20"
"How I Met Your Mother: Season 4: The Best Burger in New York","9/21/20"
"How I Met Your Mother: Season 4: Do I Know You?","9/21/20"
"How I Met Your Mother: Season 3: Miracles","9/21/20"
"How I Met Your Mother: Season 3: Everything Must Go","9/21/20"
"How I Met Your Mother: Season 3: Rebound Bro","9/19/20"
"How I Met Your Mother: Season 3: The Goat","9/19/20"
"How I Met Your Mother: Season 3: Sandcastles in the Sand","9/19/20"
"How I Met Your Mother: Season 3: The Chain of Screaming","9/19/20"
"How I Met Your Mother: Season 3: The Bracket","9/18/20"
"How I Met Your Mother: Season 3: Ten Sessions","9/18/20"
"How I Met Your Mother: Season 3: No Tomorrow","9/18/20"
"How I Met Your Mother: Season 3: The Platinum Rule","9/18/20"
"How I Met Your Mother: Season 3: The Yips","9/18/20"
"How I Met Your Mother: Season 3: Slapsgiving","9/18/20"
"How I Met Your Mother: Season 3: Spoiler Alert","9/18/20"
"How I Met Your Mother: Season 3: Dowisetrepla","9/17/20"
"How I Met Your Mother: Season 3: I'm Not That Guy","9/17/20"
"How I Met Your Mother: Season 3: How I Met Everyone Else","9/17/20"
"How I Met Your Mother: Season 3: Little Boys","9/17/20"
"How I Met Your Mother: Season 3: Third Wheel","9/17/20"
"How I Met Your Mother: Season 3: We're Not From Here","9/17/20"
"How I Met Your Mother: Season 3: Wait for It","9/17/20"
"How I Met Your Mother: Season 2: Something Blue","9/17/20"
"How I Met Your Mother: Season 2: Something Borrowed","9/17/20"
"How I Met Your Mother: Season 2: Showdown","9/17/20"
"How I Met Your Mother: Season 2: Bachelor Party","9/17/20"
"How I Met Your Mother: Season 2: Moving Day","9/17/20"
"How I Met Your Mother: Season 2: Arrivederci, Fiero","9/16/20"
"How I Met Your Mother: Season 2: Stuff","9/16/20"
"How I Met Your Mother: Season 2: Lucky Penny","9/16/20"
"How I Met Your Mother: Season 2: Monday Night Football","9/16/20"
"How I Met Your Mother: Season 2: Columns","9/16/20"
"How I Met Your Mother: Season 2: First Time in New York","9/16/20"
"How I Met Your Mother: Season 2: How Lily Stole Christmas","9/16/20"
"Last Chance U: INDY: Part 2: S Show","9/16/20"
"Last Chance U: INDY: Part 2: The Hangover","9/15/20"
"Last Chance U: INDY: Part 2: Garden City","9/15/20"
"Last Chance U: INDY: Part 2: Home on the Range","9/13/20"
"Last Chance U: INDY: Part 2: The Eye in the Sky","9/13/20"
"Last Chance U: INDY: Part 2: Dream U","9/11/20"
"Last Chance U: INDY: Part 1: Dust in The Wind","9/11/20"
"Last Chance U: INDY: Part 1: Abracadabra","9/11/20"
"Last Chance U: INDY: Part 1: Neewollah","9/11/20"
"The Gift: Season 2: Episode 8","9/10/20"
"The Gift: Season 2: Episode 7","9/10/20"
"The Gift: Season 2: Episode 6","9/10/20"
"The Gift: Season 2: Episode 5","9/10/20"
"The Gift: Season 2: Episode 4","9/10/20"
"The Gift: Season 2: Episode 3","9/10/20"
"The Gift: Season 2: Episode 2","9/10/20"
"The Gift: Season 2: Episode 1","9/10/20"
"The Gift: Season 1: Episode 1","9/10/20"
"Last Chance U: INDY: Part 1: Out of State","9/9/20"
"Last Chance U: INDY: Part 1: Get Outta Dodge","9/9/20"
"Last Chance U: INDY: Part 1: Jimmys and Joes","9/9/20"
"Last Chance U: INDY: Part 1: Humble Your Pie","9/9/20"
"Last Chance U: INDY: Part 1: We Expect","9/8/20"
"Last Chance U: EMCC: Part 2: Last Man Standing","9/8/20"
"Last Chance U: EMCC: Part 2: Bigger and Better Things","9/8/20"
"How I Met Your Mother: Season 2: Single Stamina","9/8/20"
"How I Met Your Mother: Season 2: Slap Bet","9/8/20"
"How I Met Your Mother: Season 2: Atlantic City","9/8/20"
"How I Met Your Mother: Season 2: Swarley","9/8/20"
"How I Met Your Mother: Season 2: Aldrin Justice","9/8/20"
"How I Met Your Mother: Season 2: World's Greatest Couple","9/8/20"
"How I Met Your Mother: Season 2: Ted Mosby: Architect","9/8/20"
"How I Met Your Mother: Season 2: Brunch","9/8/20"
"How I Met Your Mother: Season 2: The Scorpion and the Toad","9/8/20"
"How I Met Your Mother: Season 2: Where Were We?","9/8/20"
"How I Met Your Mother: Come On","9/7/20"
"How I Met Your Mother: Milk","9/7/20"
"How I Met Your Mother: Best Prom Ever","9/7/20"
"How I Met Your Mother: Mary the Paralegal","9/7/20"
"How I Met Your Mother: Nothing Good Happens After 2 A.M.","9/7/20"
"How I Met Your Mother: Life Among the Gorillas","9/7/20"
"How I Met Your Mother: Cupcake","9/7/20"
"How I Met Your Mother: Game Night","9/7/20"
"How I Met Your Mother: Zip, Zip, Zip","9/7/20"
"How I Met Your Mother: Drumroll, Please","9/7/20"
"How I Met Your Mother: The Wedding","9/7/20"
"How I Met Your Mother: The Limo","9/7/20"
"How I Met Your Mother: The Pineapple Incident","9/7/20"
"How I Met Your Mother: Belly Full of Turkey","9/7/20"
"How I Met Your Mother: The Duel","9/7/20"
"How I Met Your Mother: Matchmaker","9/4/20"
"How I Met Your Mother: The Slutty Pumpkin","9/4/20"
"How I Met Your Mother: Okay Awesome","9/4/20"
"How I Met Your Mother: Return of the Shirt","9/4/20"
"How I Met Your Mother: The Sweet Taste of Liberty","9/4/20"
"How I Met Your Mother: Purple Giraffe","9/4/20"
"How I Met Your Mother: Pilot","9/4/20"
"Recep İvedik 6","9/4/20"
"How to Sell Drugs Online (Fast): Season 1: Failure is Not an Option","9/3/20"
"Car Masters: Rust to Riches: Season 1: Outsmarted","9/3/20"
"Car Masters: Rust to Riches: Season 2: Petersen Built","9/1/20"
"Car Masters: Rust to Riches: Season 2: Deal with It","9/1/20"
"Car Masters: Rust to Riches: Season 2: The Crow","9/1/20"
"Car Masters: Rust to Riches: Season 2: Later, Vaydor","9/1/20"
"Car Masters: Rust to Riches: Season 2: Motorboatin’","9/1/20"
"Car Masters: Rust to Riches: Season 2: Something Borrowed, Something Renewed","8/31/20"
"Car Masters: Rust to Riches: Season 2: Totaled Disaster","8/31/20"
"Car Masters: Rust to Riches: Season 2: Electric Drag","8/31/20"
"Hoops: The Scout","8/31/20"
"Hoops: The Road Game","8/31/20"
"Hoops: Death","8/29/20"
"Hoops: The Strike","8/29/20"
"Hoops: Zen","8/29/20"
"Hoops: Matty Gets a Girlfriend","8/29/20"
"Hoops: The Sponsor","8/29/20"
"Hoops: Ethics","8/28/20"
"Hoops: My Two Dads","8/28/20"
"Hoops: The Pilot","8/28/20"
"Kolpaçino 3. Devre","8/27/20"
"Mission: Impossible - Fallout","8/26/20"
"Trailer Park Boys: The Animated Series: Season 2: Well Boys, I Guess I Gotta Get Dead","8/26/20"
"Trailer Park Boys: The Animated Series: Season 2: The F**ket List","8/26/20"
"Trailer Park Boys: The Animated Series: Season 2: The Bagshank Redemption","8/26/20"
"Trailer Park Boys: The Animated Series: Season 2: Bubbles for Mayor","8/26/20"
"Trailer Park Boys: The Animated Series: Season 2: The First Time We Smoked Weed","8/26/20"
"Trailer Park Boys: The Animated Series: Season 2: Clint Eatswood","8/26/20"
"Trailer Park Boys: The Animated Series: Season 2: Scamazon","8/25/20"
"Trailer Park Boys: The Animated Series: Season 2: The Tax Man F**ked Me","8/25/20"
"Trailer Park Boys: The Animated Series: Season 2: Viral Video","8/25/20"
"Trailer Park Boys: The Animated Series: Season 2: Duber","8/25/20"
"Too Hot to Handle: Season 1: Love, Sex or Money","8/24/20"
"Kung Fu Panda","8/24/20"
"Peaky Blinders: Season 1: Episode 1","8/24/20"
"Mission: Impossible - Rogue Nation","8/12/20"
"Last Chance U: EMCC: Part 2: The Curse","8/11/20"
"Last Chance U: EMCC: Part 2: For My Momma","8/11/20"
"Last Chance U: EMCC: Part 2: Ain't It a Sin","8/11/20"
"Last Chance U: EMCC: Part 2: Can't Make the Club in the Tub","8/9/20"
"Last Chance U: EMCC: Part 2: Football Saved My Life","8/9/20"
"Last Chance U: EMCC: Part 2: Half a Team","8/8/20"
"Last Chance U: EMCC: Part 1: It Is What It Is","8/8/20"
"Last Chance U: EMCC: Part 1: Blood Makes the Grass Grow","8/8/20"
"Last Chance U: EMCC: Part 1: Homecoming","8/8/20"
"The Umbrella Academy: Season 2: The End of Something","8/7/20"
"The Umbrella Academy: Season 2: 743","8/7/20"
"The Umbrella Academy: Season 2: The Seven Stages","8/7/20"
"The Umbrella Academy: Season 2: Öga for Öga","8/7/20"
"The Umbrella Academy: Season 2: A Light Supper","8/6/20"
"The Umbrella Academy: Season 2: Valhalla","8/6/20"
"The Umbrella Academy: Season 2: The Majestic 12","8/6/20"
"The Umbrella Academy: Season 2: The Swedish Job","8/5/20"
"The Umbrella Academy: Season 2: The Frankel Footage","8/5/20"
"The Umbrella Academy: Season 2: Right Back Where We Started","8/5/20"
"The Umbrella Academy: Season 1: The White Violin","8/5/20"
"The Umbrella Academy: Season 1: Changes","8/4/20"
"The Umbrella Academy: Season 1: I Heard a Rumor","8/4/20"
"The Umbrella Academy: Season 1: The Day That Was","8/4/20"
"The Umbrella Academy: Season 1: The Day That Wasn't","8/4/20"
"The Umbrella Academy: Season 1: Number Five","8/4/20"
"The Umbrella Academy: Season 1: Man on the Moon","8/3/20"
"The Umbrella Academy: Season 1: Extra Ordinary","8/3/20"
"The Umbrella Academy: Season 1: Run Boy Run","8/3/20"
"The Umbrella Academy: Season 1: We Only See Each Other at Weddings and Funerals","8/2/20"
"Cinayet Süsü","7/29/20"
"How to Sell Drugs Online (Fast): Season 1: Life's Not Fair, Get Used to It","7/29/20"
"Vendors' Meeting","7/28/20"
"How to Sell Drugs Online (Fast): Season 1: Nerd Today, Boss Tomorrow","7/23/20"
"The Walking Dead: Season 2: What Lies Ahead","7/23/20"
"The Protector: Season 4: Episode 7","7/23/20"
"The Protector: Season 4: Episode 6","7/23/20"
"The Protector: Season 4: Episode 5","7/22/20"
"The Protector: Season 4: Episode 4","7/22/20"
"The Protector: Season 4: Episode 3","7/22/20"
"The Protector: Season 4: Episode 2","7/21/20"
"The Protector: Season 4: Episode 1","7/20/20"
"The Protector: Season 3: Episode 7","7/17/20"
"The Protector: Season 3: Episode 6","7/17/20"
"The Walking Dead: Season 1: TS-19","7/17/20"
"The Walking Dead: Season 1: Wildfire","7/15/20"
"The Walking Dead: Season 1: Vatos","7/14/20"
"The Walking Dead: Season 1: Tell It to the Frogs","7/14/20"
"Comidark Films: Collection 1: In Between","7/13/20"
"Space Jam","7/10/20"
"Vikings: Season 1: Dispossessed","7/7/20"
"Vikings: Season 1: Wrath of the Northmen","7/6/20"
"Vikings: Season 1: Rites of Passage","7/6/20"
"Exatlon: Episode 15","7/6/20"
"Exatlon: Episode 14","7/6/20"
"Exatlon: Episode 13","7/6/20"
"Exatlon: Episode 12","7/6/20"
"Exatlon: Episode 11","7/6/20"
"Exatlon: Episode 10","7/6/20"
"Exatlon: Episode 9","7/6/20"
"Exatlon: Episode 8","7/6/20"
"Exatlon: Episode 7","7/6/20"
"Exatlon: Episode 6","7/6/20"
"Exatlon: Episode 5","7/6/20"
"Exatlon: Episode 4","7/5/20"
"Exatlon: Episode 3","7/5/20"
"Exatlon: Episode 2","7/5/20"
"Exatlon: Episode 1","7/5/20"
"I Am Ali","7/4/20"
"Assassin's Creed","7/4/20"
"Extraction","7/3/20"
"The Social Network","7/3/20"
"Ragnarok: Season 1: Yes, We Love This Country","7/3/20"
"Ragnarok: Season 1: Atomic Number 48","7/3/20"
"Ragnarok: Season 1: Ginnungagap","7/3/20"
"Ragnarok: Season 1: Jutulheim","7/3/20"
"Ragnarok: Season 1: 541 Meters","7/3/20"
"Ragnarok: Season 1: New Boy","7/3/20"
"Among Family","7/2/20"
"The Last Dance: Limited Series: Episode II","7/1/20"
"The Last Dance: Limited Series: Episode I","7/1/20"
"The Walking Dead: Season 1: Guts","6/30/20"
"The Walking Dead: Season 1: Days Gone Bye","6/30/20"
"Rise of Empires: Ottoman: The Conquest of Constantinople: Into the Golden Horn","6/29/20"
"Rise of Empires: Ottoman: The Conquest of Constantinople: Through the Walls","6/29/20"
"Rise of Empires: Ottoman: The Conquest of Constantinople: The New Sultan","6/29/20"
"Comidark Films: Collection 2: The Pawn","6/29/20"
"Comidark Films: Collection 2: Insane","6/29/20"
